index,showTime,danmuType,color,fontSize,content,submitTime,sender
"0","582.468","R2L","FFFFFF","25","æŠŠè´žå­å¼„æ€€å­•é‚£ä½ï¼Œè´žå­åŒæ€§äºº","1518008917","61f4b960"
"1","553.463","R2L","FFFFFF","25","æŠŠç”µè§†æ–­ç”µï¼Œæ˜¯ä¸æ˜¯è´žå­å°±å¡ä½äº†ï¼Œç„¶åŽæˆ‘å°±å¯ä»¥å˜¿å˜¿å˜¿","1512381053","e645dec1"
"2","551.017","R2L","FFFFFF","25","æˆ‘çž¬é—´è„±ä¸‹è£¤å­ï¼Œå•èº«å‡ åå¹´ï¼Œç»ˆäºŽé€®åˆ°äº†","1512435187","89f95022"
"3","551.604","R2L","FFFFFF","25","è¿·ä½ çš„è´žå­233","1512398872","55adb574"
"4","548.731","R2L","FF0000","25","ç”µè„‘çš„æˆ‘","1518268230","ef38b11f"
"5","548.161","R2L","FFFFFF","25","ç¥žæ˜Žä¼šä¿ä½‘æˆ‘çš„","1516944461","206a784e"
"6","545.544","R2L","FFFFFF","25","è¯ºåŸºäºšçœ‹çš„","1515500084","346ab04b"
"7","547.688","R2L","FFFFFF","25","æ€•ï¼ŒèŠ±äº†è¯´æ˜Žæ˜¾å¡è¦æ¢äº†ï¼Œåˆæ˜¯å‡ åƒå—ã€‚ã€‚ã€‚","1564931634","a421fdad"
"8","547.884","R2L","FFFFFF","25","æ˜¾å¡èŠ±äº†å½“ç„¶æ€•","1512383044","6ff628e3"
"9","538.73","R2L","FFFFFF","25","å¯¹ç€è´žå­æ’¸","1512377958","1bb1b221"
"10","539.63","R2L","FFFFFF","25","æˆ‘å·²ç»é¥¥æ¸´20å¹´","1524624377","68e99799"
"11","539.521","R2L","FFFFFF","25","æ•¢æ—¥","1513230869","1c57ffd5"
"12","540.583","R2L","FFFFFF","25","éœ€è¦çœ‹çœ‹é‡Œç‰ˆåŽ‹åŽ‹æƒŠ","1512569780","1e6ddcff"
"13","543.841","R2L","FFFFFF","25","ä¸Šå¥¹","1512439302","dc183e39"
"14","543.447","R2L","FFFFFF","25","å­¦å­¦å®é‡‡è‡£","1512401090","138c0f1a"
"15","532.982","R2L","00FF00","25","æ”¾å¿ƒï¼Œè´žå­é’»çš„æ˜¯æ˜¾åƒç®¡ï¼ŒçŽ°åœ¨è°å®¶ä¸ç”¨æ¶²æ™¶å±å¯¹å§ï¼Ÿ","1512386963","3451e434"
"16","538.173","R2L","FFFFFF","25","å•èº«ä¹…äº†ï¼Œè´žå­å§å§å¯çœŸæ˜¯çœ‰æ¸…ç›®ç§€","1525151609","fc5d97c6"
"17","537.518","TOP","E70012","25","æˆ‘æ‰‹æœºçªç„¶èŠ±å±äº†æˆ‘çœŸçš„æ—¥äº†é¬¼äº†","1519872022","12e7c66c"
"18","536.378","R2L","FFFFFF","25","å¤§å‰å¤§åˆ©ï¼Œåˆ«ä¹±è®²","1512379167","92336b34"
"19","533.162","R2L","FFFFFF","25","æ‰‹æœºé‡Œé’»å‡ºæ¥ç®—æˆ‘è¾“","1515426537","21efbcba"
"20","536.442","R2L","FFFFFF","25","å¦‚æžœä»–å‡ºæ¥æˆ‘å°±æŠŠç”µè§†æœºå…³å•¦ã€‚","1514553171","b8567106"
"21","533.973","R2L","FFFFFF","25","æŠ±æ­‰ï¼Œåªæœ‰ä¿¡å·å¼±ï¼","1512710668","c827295d"
"22","536.721","R2L","FFFFFF","25","è¯´æ‰‹æœºä¼šå¡ä½çš„å»ºè®®ä½ åŽ»çœ‹çœ‹ç¬”ä»™å¤§æˆ˜è´žå­","1512381632","cb111fbc"
"23","535.914","R2L","FFFFFF","25","å¯æ€•å•Šå¯æ€•","1561618678","833f0075"
"24","537.557","R2L","FFFFFF","25","çœŸçš„ç”·äººéƒ½æ—¥é¬¼","1512384054","f3b469ef"
"25","538.136","R2L","FFFFFF","25","æŠ±æ­‰è€å­lcdå±ä¸ä¼šæœ‰èŠ±å±","1512384391","27e53bb2"
"26","536.571","R2L","FFFFFF","25","æ‰‹æœºæ˜¯è¿·ä½ çš„è´žå­ï¼Œä¼šåŠ¨çš„æ‰‹åŠž","1512384476","78ed38c5"
"27","533.346","R2L","FFFFFF","25","é’»å‡ºæ¥ï¼Ÿè´žå­ï¼Ÿå¥³é¬¼ï¼Ÿå¥³çš„ï¼Ÿè¶çƒ­ï¼","1512384589","c39da62d"
"28","537.107","R2L","FFFFFF","25","éƒ½æ˜¯æœŸå¾…æŠŠå™©æ¢¦å˜æˆæ˜¥æ¢¦çš„","1512398010","be7a078b"
"29","535.148","R2L","FEF102","25","é’»å‡ºæ¥å°±æš´æ—¥ä¸€é¡¿ã€‚","1563182147","496515c2"
"30","530.395","R2L","FFFFFF","25","æˆ‘è§‰å¾—åœ¨è¿™é‡Œçš„äººè°å®¶æœ‰è´žå­çˆ¬å‡ºæ¥ä»–ä»¬å°±æœ‰æœ¬äº‹å§è´žå­å¼„æ€€å­•","1514521250","180bb496"
"31","529.438","R2L","FFFFFF","25","æ’­æ”¾é‡7927ã€‚ã€‚å°ä¼™ä¼´ä»¬ã€‚ã€‚å’±éƒ½åªæœ‰7å¤©äº†","1512385608","badc23cd"
"32","527.444","R2L","FFFFFF","25","ç”µè„‘å±å¹•ä¹Ÿæ˜¯æœ‰å¯èƒ½çš„","1512378585","a8a705b"
"33","531.331","R2L","FFFF00","25","æé—®å¦‚æžœåœ¨è´žå­å‡ºæ¥ä¹‹å‰æŠŠç”µè§†å…³äº†å¥¹ä¼šæ€Žä¹ˆæ ·","1532068112","4347130a"
"34","528.789","R2L","FFFFFF","25","èŠ±äº†","1517318219","d03c6431"
"35","529.258","R2L","FFFFFF","25","æ•°å­—ç”µè§†ã€‚","1514790567","dc7b99f"
"36","532.246","R2L","FFFFFF","25","æ‰‹æœºè¿‡å‡ºå¤´æˆ‘å¾€æ­»é‡Œæ‹å¥¹å¤´å“ˆå“ˆå“ˆ","1514536819","5bdfdf56"
"37","530.156","R2L","FFFFFF","25","æŠ±æ­‰å¦‚æžœçœŸçš„å‡ºæ¥äº†  é‚£å°±æ˜¯æˆ‘çš„æ˜¥å¤©äº†è®©å¥¹çŸ¥é“çŸ¥é“ä»€ä¹ˆæ˜¯çœŸæ­£çš„å•èº«ç‹—å°å®‡å®™","1528878709","663fde77"
"38","532.707","R2L","FFFFFF","25","ä¸»æ¼”æ˜¯èœèœå­å—ï¼Ÿ","1534125868","5b0ba16c"
"39","531.691","R2L","FFFFFF","25","æ‰‹æœºä¼°è®¡çœŸå‡ºä¸æ¥","1512799910","bf12af85"
"40","527.906","R2L","FFFFFF","25","æ‰‹æœºåº”è¯¥è¿‡ä¸æ¥äººã€‚ã€‚","1512390632","b1f5acca"
"41","531.494","R2L","FFFFFF","25","çˆ¬å‡ºæ¥ç»™å¥¹å£","1512491739","553b7e86"
"42","530.616","R2L","FFFFFF","25","ä»Žæ‰‹æœºå‡ºæ¥çš„,å¤Ÿäº†","1533020840","f398d5fc"
"43","529.889","R2L","FFFFFF","25","è¿‡å…³å•¦","1512469550","e192d5e5"
"44","531.485","R2L","FFFFFF","25","ä¸ä¼šçš„ï¼Œå¥¹ä¼šè¢«å±å¹•å¡ä¸»","1512463501","4507f64e"
"45","528.758","R2L","FFFFFF","25","æˆ‘æ‰‹æœºé‡Œé¢å‡ºæ¥çš„ä¼šä¸ä¼šæ˜¯è¿·ä½ è´žå­","1512437957","4a60ee20"
"46","527.715","R2L","FFFFFF","25","å¯¹ä¸èµ·æˆ‘å®¶æ˜¯æ¶²æ™¶ç”µè§†ç»å¯¹ä¸ä¼šèŠ±","1513722956","3bfb1cda"
"47","532.33","R2L","FFFFFF","25","å¥¹æ•¢æ¥æˆ‘å°±æ•¢æ›°","1512400453","67442c06"
"48","525.768","R2L","FFFFFF","25","ä»€ä¹ˆçœ‹ä¸ªè§†é¢‘éƒ½å¥½åƒåœ¨é„™è§†æˆ‘è¿™ä¸ªå•èº«ç‹—å•Š","1512641396","84816da5"
"49","526.281","R2L","FFFFFF","25","ç”¨æ‰‹æœºè¡¨ç¤ºä½ é’»å‡ºæ¥å•Š","1514715726","7c1c6a4d"
"50","524.395","R2L","FFFFFF","25","ä¸€ä¸ªäººå¥½å¯‚å¯žï¼Œæ‰¾è´žå­å§å§æ¥çŽ©çŽ©","1512397628","54cf558a"
"51","526.688","R2L","FFFFFF","25","ç›´æŽ¥æŠŠå±å¹•ç ¸äº†","1512379047","2d447e84"
"52","526.53","R2L","FFFFFF","25","è´žå­ä¸ä¼šä»Žæˆ‘çš„æ‰‹æœºé‡Œé’»å‡ºæ¥å§ï¼Ÿ","1512384768","343d4212"
"53","523.095","R2L","E70012","25","å•èº«ä¹…äº†çœ‹é¬¼éƒ½è§‰å¾—çœ‰æ¸…ç›®ç§€","1540671120","64c4cd38"
"54","521.846","R2L","FFFFFF","25","æˆ‘å®¶çš„æ˜¯æŠ•å½±ï¼Œä½ è¦é—ªçŽ°æ’žå¢™ï¼Ÿï¼Ÿï¼Ÿ","1522911282","9469b77c"
"55","524.182","R2L","FFFFFF","25","ä¸ä¼šï¼Œå±å¹•å°ï¼Œå¥¹é’»ä¸å‡ºæ¥","1512382330","2493be49"
"56","527.073","R2L","FFFFFF","25","å¥¹æ•¢å‡ºæ¥å°±è®©å¥¹åƒé¥±å›žåŽ»","1550334299","4699b8ff"
"57","524.97","TOP","FF0000","25","6","1521189233","7a1ef086"
"58","524.12","TOP","E70012","25","æŠ±æ­‰ï¼Œæˆ‘ç”¨æ‰‹æœºçœ‹ï¼Œæœ‰æœ¬äº‹ä½ é’»å‡ºæ¥å‘€","1512379359","e51cce7a"
"59","525.943","R2L","FFFFFF","25","ä½ æ˜¯é­”é¬¼å—","1543293737","bafd22c3"
"60","521.82","R2L","FEF102","25","ä¸ä¼š","1512457023","53cb643b"
"61","526.08","R2L","FFFFFF","25","æ‰‹æœºä½ é’»å‡ºæ¥å†è¯´","1513416224","50a9ec34"
"62","525.014","R2L","FFFFFF","25","ä¼šå˜è“å±","1513590246","b27d0541"
"63","526.119","R2L","FFFFFF","25","æŠ±æ­‰ç”µè„‘æœ€å¤šè“å±","1512469631","1a5d3339"
"64","525.422","R2L","FEF102","25","è°æœ‰è´žå­çš„æœ¬å­å•Šï¼ˆæ»‘ç¨½ï¼‰","1529568742","91f89735"
"65","525.311","R2L","FFFFFF","25","æ‹”ç”µæº","1526974182","4236df3d"
"66","527.242","R2L","009843","25","æŠ±æ­‰æˆ‘ç”¨çš„æ˜¯æ‰‹æœº","1513689855","93c3fe7d"
"67","525.534","R2L","FFFFFF","25","ã€‚ã€‚ã€‚","1534398625","abc9d5ae"
"68","523.184","R2L","FFFFFF","25","è¯´æˆ‘å—","1567784993","ad0397ad"
"69","526.952","R2L","FFFFFF","25","ä¸ä¼šã€‚å¥¹èƒ½ä»Žæˆ‘çš„æ‰‹æœºé‡Œå¤´çˆ¬å‡ºæ¥ç®—å¥¹ç‰›é€¼","1549067668","8773e991"
"70","526.572","R2L","FFFFFF","25","æˆ‘å®¶æ²¡ç”µè¯","1512388213","39d15e03"
"71","526.727","R2L","FFFFFF","25","å‡çº§ä¸€ä¸‹ç½‘ç»œ","1512380348","b9cf57a8"
"72","520.133","R2L","FFFFFF","25","æ‰‹æœºå…šä½ ä»¬è·‘ä¸äº†ï¼Œé¬¼æ¥ç”µåœ¨ç­‰ç€ä½ ä»¬","1512380193","825d38f2"
"73","518.301","R2L","FFFFFF","25","è¿˜å¥½æˆ‘å®¶æ²¡ç”µè§†","1512379396","6907a70f"
"74","519.931","R2L","FFFFFF","25","æ»¡åˆ†ä½œæ–‡","1513320661","d1f9ddc4"
"75","518.764","R2L","FFFFFF","25","ä¸­å›½ææ€–ç‰‡æœ€åŽè®©ä½ å‘çŽ°åŽŸæ¥æ˜¯åšæ¢¦","1558162589","d73b3475"
"76","521.33","R2L","FFFFFF","25","å·§äº†ï¼Œæˆ‘åŠå¤œåœ¨çœ‹å‰æ³½è€å¸ˆ~~æœ‰ç§å°±çˆ¬å‡ºæ¥~~~","1512452059","14a704d9"
"77","512.445","R2L","FFFFFF","25","æ²¡äº‹ä½ åœ¨ä¸­å›½","1512390976","d24f87f6"
"78","511.861","R2L","00FF00","25","å¤ªè¿‡ææ€–ç‰‡ä¹Ÿå¯æ€•","1512386915","3451e434"
"79","510.801","R2L","FFFFFF","25","æˆ‘æ€€ç–‘è€çƒŸæ–—æ˜¯æˆ‘ä»¬ä¹‹å‰çœ‹è´žå­å½•åƒå¸¦çš„äºº","1512389929","dca32968"
"80","511.876","R2L","FFFFFF","25","é˜¿é—¨","1512831177","2ec56b1d"
"81","515.947","R2L","FFFFFF","25","å“ªä¸ªå¤§å“¥ç•™ä¸‹ç§å­","1516774390","3465936b"
"82","511.861","R2L","00FF00","25","æ³°å›½â€¦â€¦","1512386922","3451e434"
"83","512.428","R2L","FFFFFF","25","æ‰‹æœºçœ‹é’»ä¸å‡ºçš„ï¼Œè´žå­æ¼«ç”»å¯ä»¥ä»Žæ‰‹æœºä¼¸å¤´å‘å‡ºæ¥æ‹‰äººçš„","1512391200","cb365008"
"84","512.982","R2L","FFFFFF","25","çœ‹è¿‡è´žå­æˆäººç‰ˆçš„è·¯è¿‡ï¼","1512389050","69d5841d"
"85","512.693","R2L","FFFFFF","25","æ‰‹æœºé’»ä¸å‡ºæ¥çš„ç¬‘æ­»æˆ‘","1512388263","81cc9271"
"86","512.717","R2L","FFFFFF","25","æˆ‘è§‰å¾—ä¸­å›½ææ€–ç‰‡æ›´è´´è¿‘ç”Ÿæ´»","1519900811","2aadf39b"
"87","511.682","R2L","FFFFFF","25","è¿™ä¸ªå’Œå’’æ€¨ æˆ‘ä¸€ä¸ªäººçœ‹å®Œçš„ï¼æ€Žæ²¡å•¥å“äººçš„","1550779490","d291483e"
"88","514.565","R2L","FFFFFF","25","å®³æ€•","1512397553","236352ea"
"89","515.373","R2L","FFFFFF","25","è´žå­æ€•æ­»å®…ï¼Œä½ æ‡‚æˆ‘æ„æ€å§ï¼ˆà²¡Ï‰à²¡) ","1512386881","35251efb"
"90","507.657","R2L","FFFFFF","25","ä½ ç”¨æ‰‹æœºçœ‹çš„ï¼Œå¥¹é’»ä¸å‡ºæ¥","1512381418","d5c5522e"
"91","505.852","R2L","FFFFFF","25","å¥³ä¸»å¥½çœ‹","1547612272","45007fd6"
"92","505.173","R2L","FFFFFF","25","è´žå­å¤§æˆ˜ä¼½æ¤°å­","1512391965","52e36d7d"
"93","507.99","R2L","FFFFFF","25","åˆ˜å·§å·§é‚£ä¸ªç­‰ç­‰æˆ‘","1550925448","bc56ebf7"
"94","507.5","R2L","FFFFFF","25","ç»“æžœåŽŸè‘—æ˜¯ç§‘å¹»å°è¯´","1548149880","c1bd95ca"
"95","500.248","R2L","FFFFFF","25","ç”¨ç¿»ç›–è®¾å¤‡çœ‹ ç®¡å®ƒè´žå­è¿˜æ˜¯å°æ€ªå…½ æ•¢å‡ºæ¥å°±å¤¹æ­»","1512392605","dc6e7acb"
"96","500.497","R2L","FFFFFF","25","2å‡¶é“ƒå†çŽ°3è´žå­ç¼ èº«4è´žç›¸å¤§ç™½ï¼Œå°±è¿™æ ·","1552162412","3f8b2919"
"97","502.739","R2L","FFFFFF","25","è´žå­æ˜¯å‡¶çº§å«ç‹‚çº§æ¥æ€¼ä»–","1528444354","e63a5b8b"
"98","503.083","R2L","FFFFFF","25","å°è¯´æ›´å¥½çœ‹ï¼Œå°è¯´å«ã€ŠçŽ¯ã€‹","1522049531","6bf214f9"
"99","501.779","R2L","FFFFFF","25","é‚£å°±ä¼ªè£…æˆå°ç”µå½±å‘ç™¾åº¦ äº‘","1512388412","4fb8c495"
"100","494.009","R2L","E70012","25","ç­‰è´žå­å‡ºæ¥å°±æ‹¿åŠ ç‰¹æž—çˆ†å¥¹å¤´","1512489155","8940765c"
"101","494.009","R2L","E70012","25","è°çŸ¥è´žå­ç«Ÿè¯´","1512489075","8940765c"
"102","494.009","R2L","E70012","25","ä½ çš„å¿«é€’","1512489082","8940765c"
"103","494.467","R2L","FFFFFF","25","3","1512537713","6c7d0e18"
"104","495.646","R2L","FFFFFF","25","è¦æ˜¯å£æŒ‚ç”µè§†å’‹åŠžï¼Ÿ","1516843008","2223461"
"105","491.503","R2L","FFFFFF","25","ä¸Šä»–å•Š","1512381059","e645dec1"
"106","493.356","R2L","E70012","25","ä¸€ä¸ªç¾Žå›½å†›è€ä½œæ­»ï¼Œ","1512489129","8940765c"
"107","492.418","TOP","00CC00","25","ç”µè§†å‰§çš„é‚£æ˜¯å’’æ€¨å§","1512543842","79df5a21"
"108","491.067","R2L","FFFFFF","25","è¾£é¸¡","1512377527","a322aca9"
"109","493.054","TOP","FEF102","25","è¦æ˜¯æˆ‘çœ‹è§è´žå­å°å§å§â€¦â€¦å¥¹ä¼šè¢«æˆ‘å“è·‘çš„â€¦â€¦â€¦","1553994071","64ee93ad"
"110","492.299","R2L","FFFFFF","25","åˆ˜å·§å·§é™„ä½“","1549914620","fc62a74c"
"111","493.551","R2L","FFFFFF","25","æŠŠä¿©ç”µè§†é¢å¯¹é¢æ”¾ç€ï¼Œè®©ä¸«æ¥å›žç©¿æ¢­","1567920738","3a122307"
"112","489.513","R2L","FFFFFF","25","å°±è¿™é¬¼åœ¨é“å£«çœ¼é‡Œï¼Œä¸€ä¸ªé‡‘å…‰å’’ï¼Œå¤–åŠ é›·æ³•ï¼Œè®©å®ƒä¸æ­»ä¹ŸåºŸ","1515499901","346ab04b"
"113","489.257","R2L","FFFFFF","25","ç”µè§†å¯¹ç€çª—å¤–","1536370146","6a6a24df"
"114","487.399","R2L","FFFFFF","25","è´žå­å°å§å§å¾ˆç¾Žçš„","1512447132","ed814d25"
"115","484.9","R2L","FFFFFF","25","è¦æ˜¯æˆ‘ç›´æŽ¥ç”µè§†å¯¹å¢™ä½ å‡ºæ¥æˆ‘çœ‹çœ‹ï¼Œ","1512873521","2ed4b238"
"116","487.152","R2L","FFFFFF","25","è¦æ˜¯è„±äº†è£¤å­ï¼ŒæŠŠè´žå­æŽ¨å€’ä¼šæ€Žä¹ˆæ ·ï¼Œç­”ä¼šå˜æˆçˆ±æƒ…åŠ¨ä½œç‰‡","1512873860","2ed4b238"
"117","477.872","R2L","07FFFF","25","æŠ¤çœ¼  é¸­é¸­é¸­","1544617204","3d3af93b"
"118","481.302","R2L","FFFFFF","25","5æ¯›ä½ è¯´çš„æ˜¯å›½äº§å§","1512391126","cb365008"
"119","478.599","R2L","FFFFFF","25","å°å§å§æˆ‘ä¸æ•¢æƒ³","1512469572","1a5d3339"
"120","482.545","R2L","FFFFFF","25","66666çœ‹äº†å¼¹å¹•çªç„¶æƒ³ç¬‘","1514632601","29f459cd"
"121","482.02","R2L","FFFFFF","25","ç”¨äº†é£˜æŸ”å—","1519791765","c59ba4c5"
"122","472.788","TOP","FFFFFF","25","è€å­ç›´æŽ¥ä¸€æŠŠæ¡ƒæœ¨å‰‘å¾€å¥¹å¤´ä¸Šå‘¼","1512997885","dea1427b"
"123","471.92","R2L","FFFFFF","25","ç»™å¤§æ ‘çœ‹","1513675692","6a919ace"
"124","476.125","R2L","E70012","25","ä¸€è„šæŠŠå¥¹è¸¹å›žç”µè§†é‡ŒåŽ»","1549872973","b8a5bc10"
"125","473.268","R2L","FFFFFF","25","é˜¿ä»¬","1518249169","4c13ac86"
"126","472.233","R2L","FFFFFF","25","ç”µè§†å‰§ç‰ˆçš„ä¹Ÿä¸é”™","1512378479","a8a705b"
"127","473.731","R2L","FFFFFF","25","å“‡è´žå­å§å§çš„å¤´å‘å¥½é¡ºæ»‘","1532246067","2df9fa8d"
"128","475.09","R2L","FFFFFF","25","ç¬¬äºŒéƒ¨","1532487004","cd1d3e25"
"129","475.752","R2L","FFFFFF","25","æ–°çš„é£Žæš´å·²ç»å‡ºçŽ°","1512388989","71f9c398"
"130","468.876","R2L","FFFFFF","25","æˆ‘è§‰å¾—å¯ä»¥å¯„åŽ»ç›‘ç‹±","1512391103","cb365008"
"131","469.575","R2L","FFFFFF","25","â•­(Â°AÂ°`)â•®","1512397229","236352ea"
"132","470.889","R2L","002E72","25","ç©ºé—´é‚£äº›è½¬å‘ä»€ä¹ˆçš„ä¸ä¼šå°±æ˜¯çŽ©çš„è¿™ä¸ªæ¢—å§","1512862157","dd6914bb"
"133","468.905","R2L","FFFFFF","25","å¼€ç›´æ’­æ”¾ç»™å¤§å®¶ä¸€èµ·çœ‹ï¼Œç´¯æ­»è´žå­å–çš„","1514460592","5fa4e250"
"134","467.114","R2L","FFFFFF","25","æœ‰æ„ç‚¹å¼€ï¼Œä¸æœsolo","1514541958","7d9e503b"
"135","464.601","R2L","FFFFFF","25","ç»™è€å¸ˆçœ‹","1512391565","20a8c3c7"
"136","462.105","R2L","FFFFFF","25","ç»™èš‚èšçœ‹å•Š","1512382860","8bed6d4a"
"137","462.886","R2L","FFFFFF","25","è¿™æ˜¯è¦å‘çˆ¹å•Š","1512380023","c1f21f06"
"138","461.525","R2L","FFFFFF","25","ç»™ç‹—çœ‹å“ˆå“ˆå“ˆå“ˆ","1536370054","6a6a24df"
"139","462.058","R2L","E70012","25","åˆ«äººå‘çˆ¹ï¼Œè¿™æ˜¯æ€çˆ¹å’Œèˆ¹é•¿ä¸€ä¸ªå°¿æ€§å•Š","1512394207","6b1cd7d5"
"140","465.593","R2L","FFFFFF","25","ä¸è§‰å¾—ææ€–","1520354492","81818852"
"141","462.362","R2L","FFFFFF","25","å¤§å®¶è½®ç€çœ‹ä¸å°±å¥½äº†","1521022629","a4e475fa"
"142","463.112","R2L","FFFFFF","25","å¿ƒç–¼ä»–çˆ¸","1512378158","c3f1cd53"
"143","464.24","R2L","FFFFFF","25","ä¸è½¬å‘å°±å•¥å•¥ï¼Ÿ","1534163233","ab809acb"
"144","456.882","R2L","FFFFFF","25","å‰å¤«æ­»çš„å†¤å“ª","1534484863","7d2369fd"
"145","456.654","R2L","FFFFFF","25","çœŸ å®žåŠ›å‘çˆ¹","1522843408","5d3be9ef"
"146","457.14","R2L","FFFFFF","25","æŠŠè¿™é‡Œçƒ§äº†ä¸è¡Œå—","1512379934","f17f12f1"
"147","457","R2L","FFFFFF","25","è¦æ˜¯æ— æ³•åˆ†æ³Œè‚¾ä¸Šè…ºç´ å‘¢ï¼Œæ˜¯ä¸æ˜¯å“ä¸æ­»äº†","1512390127","dca32968"
"148","459.808","R2L","FFFFFF","25","å‘çˆ¹","1512577595","10095e2"
"149","455.481","R2L","FFFFFF","25","ç»™ç‹—çœ‹çš„ä½ å¤Ÿäº†","1513504224","88e3e2f2"
"150","458.141","R2L","E70012","25","ä¸€æ—©å°±åº”è¯¥çŒ®ç»™å›½å®¶ï¼Œæ­»åˆ‘çš„è¯è¿žå­å¼¹éƒ½çœäº†ï¼Œè€Œä¸”æ— ç—›ï¼Œå¾ˆâ€œäººé“â€","1512456843","53cb643b"
"151","457.792","R2L","FFFFFF","25","å‘çˆ¹å‘€","1526442959","70170db8"
"152","456.764","R2L","FFFFFF","25","ä¼ é”€23333","1527004889","82e513e8"
"153","460.406","R2L","FFFFFF","25","å‘çˆ¹","1520314845","80c41b95"
"154","458.878","R2L","FFFFFF","25","ç‚¹å‡»åˆ†äº«ä¿å‘½ï¼Œæˆ‘é ","1512391598","d261a969"
"155","457.042","R2L","FFFFFF","25","è¯è¯´ä¸ºä»€ä¹ˆè¦å‘çˆ¹","1513441662","a97d72ac"
"156","460.473","R2L","FFFFFF","25","æˆ‘çš„å†’è“ç«çš„åŠ ç‰¹æž—å·²ç»é¥¥æ¸´éš¾è€äº†","1516774347","3465936b"
"157","457.739","R2L","FFFFFF","25","æ²™çˆ¹","1512388319","4fb8c495"
"158","458.1","TOP","E70012","25","ç¥žä¼šä¿ä½‘æˆ‘ä»¬çš„ï¼Œé˜¿é—¨","1512379258","e51cce7a"
"159","455.399","R2L","FFFFFF","25","å‘å‰å¤« å‘å„¿å­ å‘çˆ¹ åŽ‰å®³äº†","1514039492","8b868a36"
"160","456.715","R2L","FFFFFF","25","å‘çˆ¹","1562300243","834df3d9"
"161","459.522","R2L","FFFFFF","25","å‘çˆ¹è€…","1517108615","6038ad6e"
"162","459.467","R2L","FFFFFF","25","ä¸äºæ˜¯å¥³äºº","1546322494","11ac3966"
"163","456.825","R2L","FFFFFF","25","ä¸ºä»€ä¹ˆè¦å®³????ï¼Ÿç‹—","1512433442","d67bc4ab"
"164","459.814","TOP","FFFFFF","25","æ³¨æ„ï¼Œæ˜¯äºº","1512880409","c57cb028"
"165","459.158","R2L","FFFFFF","25","â†ç‹—ï¼šmmp","1512391085","cb365008"
"166","455.659","R2L","FFFFFF","25","é¢ï¼Œè®©ä¸€ä¸ªäº²æœ‹å¥½å‹çœ‹ä¸€éç„¶åŽè®©taä¼ ç»™å¦ä¸€ä¸ªäººçœ‹ä¸å°±å¥½äº†å—","1533721071","8c2ee703"
"167","460.18","R2L","FFFFFF","25","æ”¾åœ¨ç”µè§†å°å‘å…¨å›½æ”¾","1513914132","6879badf"
"168","459.279","R2L","FFFFFF","25","æˆ‘å…ˆçœ‹","1517318149","d03c6431"
"169","449.856","R2L","FFFFFF","25","æ—¥æœ¬ç¬¬ä¸€å­å­","1556872115","d25e0760"
"170","453.885","R2L","FFFFFF","25","èªæ˜Žï¼Œç»™ä¸€ä¸ªå“ˆå£«å¥‡çœ‹ï¼Œä¼šæ€Žä¹ˆæ ·(>_<)","1512483038","fa09f7ad"
"171","454.561","R2L","FFFFFF","25","å¸¦å­å¥³","1547548424","4157f8b6"
"172","454.898","R2L","FFFFFF","25","çœŸå‘çˆ¹2333","1548683846","68499d80"
"173","453.842","R2L","FFFFFF","25","æœ‰å¥½å‡ éƒ¨","1518002946","651db729"
"174","451.149","R2L","FFFFFF","25","åŽŸæ¥æ˜¯ä¸€ç§å®£ä¼ æ‰‹æ®µï¼Œæœ€å¼€å§‹çš„å¾®å•†","1526732647","d25d2f7e"
"175","451.992","R2L","FFFFFF","25","æŠ¤çœ¼æŠ¤çœ¼æŠ¤çœ¼æŠ¤çœ¼","1518005123","e40c7191"
"176","453.27","R2L","FFFFFF","25","å¯ä»¥ç»™æ­»åˆ‘çŠ¯çœ‹å‘€ï¼è¿˜æ­£å¥½èŠ‚çº¦å­å¼¹","1513186668","e0670ea5"
"177","450.579","R2L","FFFFFF","25","çœŸå‘çˆ¹","1516774265","3465936b"
"178","449.6","R2L","FFFFFF","25","çœŸÂ·å‘çˆ¹","1512388479","97793313"
"179","451.989","R2L","FFFFFF","25","å¬è¯´å†æ”¾ä¸ª  ç”µè§†åœ¨å‰é¢è´žå­å°å§å§   å°±ä¼šä¸€ç›´ç©¿åœä¸ä¸‹æ¥","1524023616","49f3a643"
"180","453.584","R2L","FFFFFF","25","ä¸ºäº†å„¿å­ä¸è¦çˆ¹","1514454749","5f88741c"
"181","451.392","R2L","FFFFFF","25","è¿˜æœ‰ä¸‰éƒ¨å‘¢","1543630362","f92d5e3c"
"182","449.949","R2L","FFFFFF","25","å‘çˆ¹","1512393129","c19c574c"
"183","453.622","R2L","FFFFFF","25","æˆ‘å¯æ²¡è§‰å¾—å¥½","1512873734","2ed4b238"
"184","452.926","R2L","FFFFFF","25","æ²¡çœ‹æ‡‚","1512706987","ec593446"
"185","449.179","R2L","FFFFFF","25","æ˜¯ä½ å—ï¼ï¼Ÿæ´›ä¸¹ä¼¦ç¬¬ä¸€å¤§å­å¥³","1554954275","2e7870a2"
"186","447.924","R2L","FFFFFF","25","æŒ–æ§½","1524624286","68e99799"
"187","447.54","R2L","FFFFFF","25","ç»™ä¸€ä¸ªç‹—çœ‹å•Š","1512380786","95047d53"
"188","445.492","R2L","FFFFFF","25","å®žåŠ›å‘çˆ¹","1512436402","4fa7d9a0"
"189","446.729","R2L","FFFFFF","25","å‘çˆ¹","1515770023","67d03b1"
"190","447.941","R2L","FFFFFF","25","æˆ‘åŽ»å‘çˆ¹å•Š","1515218278","726e2747"
"191","444.671","R2L","FFFFFF","25","æŠ¤ä½“","1514981889","cef6e0a8"
"192","445.048","R2L","FFFFFF","25","scpä¸æ”¶å®¹ä»–","1531534932","aa194a6c"
"193","443.755","R2L","FFFFFF","25","è¿™æ˜¯ä¸€ç§æžå¥½çš„å®£ä¼ æ‰‹æ®µå•Š","1526487860","df3a80bc"
"194","443.197","R2L","FFFFFF","25","233333","1512391069","cb365008"
"195","436.876","R2L","FFFFFF","25","å°å­©å­åº”è¯¥ä¸ä¼š","1534398493","abc9d5ae"
"196","433.005","R2L","FFFFFF","25","å¼¹å¹•æŠ¤ä½“","1512387035","661cc173"
"197","430.1","R2L","FFFFFF","25","æŠŠç”µè§†æœºæ”¾åœ¨çª—è¾¹- 0-","1516951918","11ac3966"
"198","430.201","R2L","FEF102","25","å‘çˆ¹å¼€å§‹","1512456754","53cb643b"
"199","427.966","R2L","FFFFFF","25","ç»å…¸","1513792879","176fe9be"
"200","431.076","TOP","FFFFFF","25","æœªäº¡äºº.avi","1512378903","ce1e560"
"201","427.398","R2L","FFFFFF","25","æŠ¤ä½“","1564508888","b75073f"
"202","431.17","R2L","00CD00","25","æ­»äº† ç¬¬äºŒéƒ¨æ­»äº†","1558689336","f92d5e3c"
"203","430.582","R2L","FFFFFF","25","å¼¹å¹•","1512397470","236352ea"
"204","423.574","R2L","FFFFFF","25","å¿«è„±è£¤å­","1512377607","e83f934e"
"205","423.02","R2L","FFFFFF","25","è¿™æ®µè§†é¢‘upä¸»ä¹Ÿæ²¡æœ‰æ—©å°±åˆ é™¤äº†","1534325756","3c42eb27"
"206","423.124","R2L","FFFFFF","25","è´žå­çš„çœ¼ç›å·¨ææ€–","1519791707","c59ba4c5"
"207","422.205","R2L","E70012","25","141ç‰¹é£é˜Ÿæ­£åœ¨èµ¶å¾€é€”ä¸­ è¯·å‰å¤«åšæŒä½","1517221627","c92a0977"
"208","425.637","R2L","FFFFFF","25","å’±ä»¬éƒ½çœ‹äº†å½•åƒå¸¦","1512387594","533bed01"
"209","426.598","R2L","FFFFFF","25","è¿™ä¸ªæˆ‘åœ¨åˆå¤œå¤é“ƒé‡Œçœ‹è§è¿‡","1562300213","834df3d9"
"210","424.511","R2L","FFFFFF","25","æœ¨æŠ¤ä½“å•Šå•Šå•Šå•Šå•Šå•Šå•Šå•Šå•Šå•Š","1514435166","3e9686a4"
"211","426.084","R2L","FFFFFF","25","æŠ¤çœ¼å°åˆ†é˜Ÿå‘¢","1540476825","819f9b42"
"212","422.791","R2L","FFFFFF","25","å¼¹å¹•å•Š","1512464778","41586950"
"213","423.68","R2L","FFFFFF","25","æŠŠç”µè§†æ‰£ä¸Šä¸å°±è¡Œäº†å—","1533782613","59e53e40"
"214","422.909","R2L","FFFFFF","25","æ‰“","1512393550","5e170d71"
"215","422.539","R2L","FFFFFF","25","å¼¹å¹•æŠ¤ä½“","1516774221","3465936b"
"216","422.978","R2L","FFFFFF","25","ä½ ä¸è¦è¿‡æ¥","1561348931","9a991ac8"
"217","424.21","R2L","FFFFFF","25","å¼¹å¹•æŠ¤ä½“ï¼","1512445309","bf694142"
"218","426.392","R2L","FFFFFF","25","å¼¹å¹•æŠ¤ä½“","1512387028","661cc173"
"219","423.735","TOP","FFFF00","25","giao","1562246787","ce8a036"
"220","418.886","TOP","E2027F","25","æŠ¤ä½“","1514607647","53eea67"
"221","417.359","R2L","FFFFFF","25","æŠ¤ä½“æŠ¤ä½“æŠ¤ä½“æŠ¤ä½“æŠ¤ä½“æŠ¤ä½“æŠ¤ä½“æŠ¤ä½“æŠ¤ä½“æŠ¤ä½“æŠ¤ä½“","1568681275","be749d10"
"222","417.461","TOP","FFFFFF","25","æŠ¤çœ¼","1534903373","75c5b111"
"223","418.337","R2L","FFFFFF","25","å¼¹å¹•æŠ¤ä½“","1540633915","2ecc7fb7"
"224","417.167","TOP","FFFF00","25","giaoæŠ¤çœ¼","1562246812","ce8a036"
"225","416.522","R2L","FFFFFF","25","å¼¹å¹•æŠ¤ä½“ï¼æŠ¤ä½“ï¼æŠ¤ä½“ï¼æŠ¤ä½“ï¼ä½“ï¼ä½“ï¼ä½“ï¼","1530519414","4737039a"
"226","416.82","TOP","E70012","25","å¤§å…„å¼Ÿï¼Œæˆ‘å‘Šè¯‰ä½ ï¼Œä»¥åŽå¦‚æžœçœ‹åˆ°è´žå­çˆ¬å‡ºæ¥ï¼Œå…¶å®žä½ ç”¨åŠ›æŠŠå¥¹æŽ¨å›žåŽ»ï¼Œå°±å¯ä»¥äº†ã€‚ã€‚","1517054094","fef73c10"
"227","417.641","R2L","FFFFFF","25","è¿˜ä¸èµ¶ç´§ç ¸ç”µè§†","1512565135","64f8c859"
"228","416.614","TOP","E70012","25","å¼¹å¹•æŠ¤ä½“","1526636563","bab35535"
"229","416.78","R2L","FFFFFF","25","ä¸ç”¨æŠ¤çœ¼ï¼Œè´žå­å¾ˆæ¼‚äº®çš„","1514024163","37ccd58b"
"230","418.093","R2L","FF0000","25","å¯Œå¼ºã€æ°‘ä¸»ã€æ–‡æ˜Žã€å’Œè°ï¼Œè‡ªç”±ã€å¹³ç­‰ã€å…¬æ­£ã€æ³•æ²»ï¼Œ çˆ±å›½  æ•¬ä¸šã€è¯šä¿¡ã€å‹å–„","1517117186","734e1885"
"231","418.889","R2L","E70012","25","ä¸ä¸ä¸ï¼Œä¸è¦æ‘˜æŽ‰å¤´å¥—","1520877405","f0474ec7"
"232","417.047","R2L","FFFFFF","25","å¼¹å¹•æŠ¤ä½“","1560279766","3849859b"
"233","417.558","TOP","E70012","25","æŠ¤çœ¼æŠ¤çœ¼æŠ¤çœ¼æŠ¤çœ¼æŠ¤æŠ¤çœ¼æŠ¤çœ¼æŠ¤çœ¼æŠ¤çœ¼æŠ¤çœ¼æŠ¤çœ¼æŠ¤çœ¼æŠ¤çœ¼æŠ¤çœ¼","1517632152","52a761fa"
"234","419.584","R2L","FFFFFF","25","å•Šå•Šå•Š","1526399434","8226f1b4"
"235","416.362","R2L","FFFFFF","25","æŠ¤çœ¼å°åˆ†é˜Ÿ","1512697017","c15a237f"
"236","416.868","R2L","FFFFFF","25","è¿™æ˜¯æœ€ç²¾å½©çš„","1562246042","d023236a"
"237","416.894","TOP","FFFFFF","25","å“ˆï¼Œä½ ä»¬ä¹Ÿçœ‹äº†å½•åƒå¸¦ï¼Œè¯·æ³¨æ„ä½ ä»¬çš„ç”µè¯","1512997785","dea1427b"
"238","419.398","R2L","FFFFFF","25","æˆ‘å°±çœ‹è¿‡è¿™ä¸€æ®µ","1527145464","10f4d749"
"239","417.049","TOP","FFFFFF","25","æŠ¤çœ¼","1525159553","b2747cfd"
"240","418.11","R2L","FFFFFF","25","è„šç˜¸äº†","1519791692","c59ba4c5"
"241","416.6","BOTTOM","E70012","25","å¼¹å¹•å¤§å†›ä½•åœ¨ï¼Œå¿«æ¥æŠ¤é©¾ï¼ŒæŠ¤é©¾","1512407256","b5e2fee"
"242","418.658","R2L","E70012","25","æŠ¤çœ¼å°é˜Ÿå‘¢","1512394239","6b1cd7d5"
"243","417.167","TOP","FFFF00","25","ç‰¹æŠ€æŠ¤çœ¼","1562246818","ce8a036"
"244","418.928","R2L","FFFFFF","25","å…³ç”µè§†","1534398475","abc9d5ae"
"245","421.35","R2L","FFFFFF","25","ã€‚ã€‚å¼¹å¹•æŠ¤ä½“","1512386743","661cc173"
"246","417.567","R2L","FFFFFF","25","gigi","1523185911","381276ca"
"247","415.37","TOP","E70012","25","â– â– â– å‰æ–¹é«˜èƒ½ æŠ¤çœ¼å°åˆ†é˜Ÿæ­£åœ¨å¾…å‘½â– â– â– ","1512380031","4a8b9cfc"
"248","414.08","R2L","FFFFFF","25","è®©å¼€è®©æˆ‘æ¥","1512873685","2ed4b238"
"249","413.369","TOP","E70012","25","â– â– â– å‰æ–¹é«˜èƒ½ æŠ¤çœ¼å°åˆ†é˜Ÿæ­£åœ¨å¾…å‘½â– â– â– ","1512380023","4a8b9cfc"
"250","416.21","R2L","FFFFFF","25","æœ‰äººå—","1512379107","313ace3"
"251","412.944","R2L","E70012","25","ä¹Œæ‹‰ï¼ä¹Œæ‹‰ï¼","1523684002","fa4771fb"
"252","413.926","R2L","FFFFFF","25","å¼¹å¹•æŠ¤ä½“å•Š","1514435156","3e9686a4"
"253","416.027","R2L","FFFFFF","25","å¼¹å¹•åœ¨å“ªé‡Œ","1512464771","41586950"
"254","415.139","R2L","FFFFFF","25","æŠ¤ä½“  æŠ¤ä½“  æŠ¤ä½“","1560595038","e9a31731"
"255","414.077","R2L","FFFFFF","25","çˆ¬å‡ºæ¥ï¼Œç»™ä½ è‡ªç”±","1513436236","62635645"
"256","414.276","R2L","FFFFFF","25","å›šæ­Œçš„æˆ‘ç»™ä½ åŠ ä¸€ä¸ªbuff","1540145055","d0fc3bd6"
"257","415.823","R2L","FFFFFF","25","äººæ°‘çš„è´žå­","1513994646","ce9adbb6"
"258","415.69","R2L","FFFFFF","25","å¡ä½äº†ï¼Œå¸®å¸®å¿™ã€‚ã€‚ã€‚","1512396770","e3608169"
"259","413.987","R2L","FFFFFF","25","ç„¶åŽçˆ¬äº†å‡ºæ¥","1512577635","10095e2"
"260","416.188","R2L","FFFFFF","25","å‡ºæ¥äº† è¡€èµš","1512462299","2e8dda3d"
"261","416.235","R2L","FFFFFF","25","ä½ è¯´è¿™ä¸ªæ—¶å€™æŠŠç”µè§†ä¸€è„šè¸¢çˆ†ä¼šæ€Žæ ·ï¼Ÿ","1548913997","21e505a7"
"262","414.567","R2L","FFFFFF","25","æ‰‹æœºå¤ªå°","1512462286","2e8dda3d"
"263","412.22","R2L","FFFFFF","25","çˆ¬å‡ºæ¥äº†ï¼Œçˆ¬å‡ºæ¥äº†","1517222983","17214552"
"264","416.221","R2L","FFFFFF","25","æŠ¤çœ¼æŠ¤çœ¼","1512443860","41c9323"
"265","416.176","R2L","FFFFFF","25","æ„Ÿè°¢é«˜èƒ½é¢„è­¦","1512393180","c19c574c"
"266","410.799","R2L","FFFFFF","25","ä¸€ä¸ªäººå¤§å–Šç€ï¼šçˆ¬å‡ºæ¥å§ï¼æˆ‘ç»™ä½ è‡ªç”±","1526690431","6f087cb8"
"267","411.558","R2L","FFFFFF","25","666","1518574419","74431e5"
"268","413.974","TOP","E70012","25","å¼¹å¹•æŠ¤ä½“","1526636557","bab35535"
"269","415.252","R2L","FFFFFF","25","å“ˆå“ˆå“ˆå“ˆå“ˆå“ˆå“ˆå“ˆ","1570289364","668d131e"
"270","412.553","R2L","FFFFFF","25","å¼¹å¹•æŠ¤ä½“","1512383049","ceeb712"
"271","413.326","R2L","FFFFFF","25","è¿™é›†å¾ˆç»å…¸çš„","1512396321","fbd2d33e"
"272","412.221","R2L","66FF00","25","å‡ºæ¥å§çš®å¡çš®å¡","1517707299","34117c89"
"273","412.917","R2L","E70012","25","â– â– â– ","1534413829","653fe0f1"
"274","411.759","R2L","E70012","25","æŠ¤çœ¼å°åˆ†é˜ŸæŠ¤çœ¼å°åˆ†é˜Ÿ","1512385930","b495e0d1"
"275","407.277","TOP","683A7B","25","â– â– â– å‰æ–¹é«˜èƒ½ æŠ¤çœ¼å°åˆ†é˜Ÿæ­£åœ¨å¾…å‘½â– â– â–     ","1512379972","4a8b9cfc"
"276","407.277","TOP","E2027F","25","â– â– â– å‰æ–¹é«˜èƒ½ æŠ¤çœ¼å°åˆ†é˜Ÿæ­£åœ¨å¾…å‘½â– â– â–            ","1512379950","4a8b9cfc"
"277","407.277","TOP","00A0EA","25","â– â– â– å‰æ–¹é«˜èƒ½ æŠ¤çœ¼å°åˆ†é˜Ÿæ­£åœ¨å¾…å‘½â– â– â–       ","1512379841","4a8b9cfc"
"278","407.277","TOP","009843","25","â– â– â– å‰æ–¹é«˜èƒ½ æŠ¤çœ¼å°åˆ†é˜Ÿæ­£åœ¨å¾…å‘½â– â– â–     ","1512379937","4a8b9cfc"
"279","407.277","TOP","002E72","25","â– â– â– å‰æ–¹é«˜èƒ½ æŠ¤çœ¼å°åˆ†é˜Ÿæ­£åœ¨å¾…å‘½â– â– â– ","1512379964","4a8b9cfc"
"280","407.277","TOP","90C320","25","â– â– â– å‰æ–¹é«˜èƒ½ æŠ¤çœ¼å°åˆ†é˜Ÿæ­£åœ¨å¾…å‘½â– â– â– ","1512379961","4a8b9cfc"
"281","409.189","R2L","FFFFFF","25","ç ¸äº†","1513075036","e9a5b923"
"282","407.441","TOP","E70012","25","çˆ¬å‡ºæ¥äº†","1512378916","e51cce7a"
"283","410.219","TOP","00CCFF","25","æƒ³èµ·äº†äººæ°‘çš„è´žå­","1513150983","deb96073"
"284","409.54","R2L","FFFFFF","25","å¼¹å¹•æŠ¤ä½“","1520765151","65a48e50"
"285","410.156","TOP","FFFFFF","25","å®Œäº†ã€‚æˆ‘ä¹Ÿçœ‹äº†å½•åƒå¸¦äº†","1512379059","ce1e560"
"286","407.268","R2L","FFFFFF","25","æ¥äº†æ¥äº†","1522408798","1261dd62"
"287","409.038","R2L","FFFFFF","25","æœ€ç»å…¸çš„ä¸€å¹•","1512379686","fe4c4a93"
"288","409.199","R2L","FFFFFF","25","ç»å…¸æ¥äº†","1524624247","68e99799"
"289","407.277","TOP","90C320","25","â– â– â– å‰æ–¹é«˜èƒ½ æŠ¤çœ¼å°åˆ†é˜Ÿæ­£åœ¨å¾…å‘½â– â– â–          ","1512379938","4a8b9cfc"
"290","405.277","TOP","E70012","25","â– â– â– å‰æ–¹é«˜èƒ½ æŠ¤çœ¼å°åˆ†é˜Ÿæ­£åœ¨å¾…å‘½â– â– â– ","1512379912","4a8b9cfc"
"291","407.277","TOP","FEF102","25","â– â– â– å‰æ–¹é«˜èƒ½ æŠ¤çœ¼å°åˆ†é˜Ÿæ­£åœ¨å¾…å‘½â– â– â– ","1512379642","4a8b9cfc"
"292","407.277","TOP","FEF102","25","â– â– â– å‰æ–¹é«˜èƒ½ æŠ¤çœ¼å°åˆ†é˜Ÿæ­£åœ¨å¾…å‘½â– â– â–  ","1512379647","4a8b9cfc"
"293","407.277","TOP","009843","25","â– â– â– å‰æ–¹é«˜èƒ½ æŠ¤çœ¼å°åˆ†é˜Ÿæ­£åœ¨å¾…å‘½â– â– â–   ","1512379932","4a8b9cfc"
"294","401.295","R2L","FFFFFF","25","å°±æ˜¯è¦æ‰¯æ·¡ï¼Œæ‰å®‰å…¨","1519096877","485a57f6"
"295","402.79","R2L","FFFFFF","25","å‰é¢çš„ï¼Œäººå®¶lv.60çš„æ€¨å¿µï¼Œä¼šæ€•ä½ ä¸ªæ–°æ‰‹æ‘çš„å°å·ï¼Ÿï¼Ÿï¼Ÿ","1512405818","8ba44615"
"296","404.714","R2L","FFFFFF","25","ä¸€ä¸ªå£°éŸ³é«˜å«ç€ï¼šçˆ¬å‡ºæ¥å§ï¼Œç»™ä½ è‡ªç”±ï¼","1515322866","f9679a90"
"297","400.484","R2L","FFFFFF","25","ç¬¬ä¸€ä»£çš„é¬¼å®³æ­»åŽé¢çš„äººåŽå¸æ”¶äº†åŽé¢äººçš„æ€¨æ¨ä¹‹åŽç¬¬ä¸€ä»£åªä¼šè¶Šæ¥è¶Šå¼ºå¤§","1512409409","dcab22ba"
"298","402.986","R2L","00CD00","25","è´žå­æ˜¯åŒæ€§äºº å°è¯´é‡Œæœ‰è®²è¿‡","1558689269","f92d5e3c"
"299","402.417","R2L","FFFFFF","25","æ„Ÿè§‰æ—¥æœ¬çš„é¬¼ç‰‡éƒ½è¿™æ ·ï¼Œå“äººç¨‹åº¦æŒºå¥½çš„å§ï¼Œä½†ä¸è¦è¯•å›¾ç†è§£å®ƒðŸ˜³ðŸ˜‚","1526704867","4bc5a66e"
"300","395.475","R2L","FFFFFF","25","åŒæ ·çš„æ„Ÿè§‰","1512382793","8bed6d4a"
"301","398.186","R2L","FFFFFF","25","è´žå­æœ¬æ¥å°±æ˜¯æƒ³æŠ¥å¤ç¤¾ä¼šï¼Œå¥¹ç«¥å¹´å¤ªæƒ¨äº†","1516789770","18253f77"
"302","397.022","R2L","E70012","25","æ»šä½ ä¸«çš„æŠ¤çœ¼ï¼Œä¸æ•¢çœ‹ä¸è¦çœ‹","1512411081","d6d019e8"
"303","390.312","R2L","FF0000","25","è´žå­æ´»ç€çš„æ—¶å€™å°±å¯ä»¥åœ¨æ— æ•°äººé¢å‰ç”¨è¶…èƒ½åŠ›ï¼Œéžå¸¸åŽ‰å®³","1531660916","b312795"
"304","389.271","R2L","FFFFFF","25","è¯´èµ·è¿™ä¸ªå°±æ°”","1548149762","c1bd95ca"
"305","390.517","R2L","FFFFFF","25","æ—¥æœ¬çš„é¬¼å°±æ˜¯è¿™æ ·æ— è¾œä¹Ÿè¦æ­»","1512466735","87030bf4"
"306","392.314","R2L","FFFFFF","25","é‚£è¢«å®³æ­»çš„åŒ–ä½œåŽ‰é¬¼ç¢°åˆ°è´žå­ä¸æ˜¯æ¨å°´å°¬å—","1512440488","c883768d"
"307","389.471","R2L","FFFFFF","25","ä¸ä¸ä¸ï¼Œä¸è¦æ‘˜æŽ‰å¤´å¥—","1520877360","f0474ec7"
"308","391.103","R2L","FF0033","25","çº¢å­—è¿™çº ç»“çš„ï¼Œè™šæž„çš„ä¸œè¥¿çœ‹çœ‹å°±ç®—äº†","1512390926","cb365008"
"309","392.121","R2L","FFFFFF","25","ä¸»è¦æ˜¯è´žå­æœ‰ç‰¹æ®ŠåŠ›é‡ï¼Œåˆšæ‰ä¸æ˜¯è¯´è´žå­çš„æ„å¿µå’Œæ€¨æ¨ç»“åˆä¹ˆ","1518408181","dbe968f4"
"310","390.281","R2L","FFFFFF","25","+1","1512384253","7885da2"
"311","388.874","R2L","FFFFFF","25","åˆæ¥ä½œæ­»","1527145434","10f4d749"
"312","392.831","R2L","FFFFFF","25","æˆ‘ä¹Ÿè¿™ä¹ˆè§‰å¾—ä¸ºä»€ä¹ˆä»–ä»¬ä¸ä¼šå˜æˆåŽ†é¬¼æ‰¾æ€æ­»ä»–ä»¬çš„é¬¼å¤ä»‡","1513722775","3bfb1cda"
"313","385.376","R2L","FFFFFF","25","é‚£æˆ‘ä»¬æ˜¯ä¸æ˜¯ä¹Ÿè¦ã€‚ã€‚ã€‚ã€‚","1512383841","cf54d333"
"314","386.282","R2L","FFFFFF","25","â€¦â€¦æ—¥æœ¬çš„é¬¼ç‰‡å¾ˆå¤šå°±æ˜¯è¿™æ ·å•Šï¼Œæ— ç¼˜æ— æ•…å°±ä¸­æ‹›çš„=  =","1512439143","6cf351f7"
"315","388.07","R2L","0000FF","25","ä¸å¯èƒ½å˜é¬¼çš„ï¼Œåº”è¯¥æ˜¯è¢«é¬¼æ€æ­»äº†å°±æ²¡æœ‰çµé­‚äº†å§ï¼Œä¸ç„¶è§é¢å¤šå°´å°¬å•Šã€‚","1512438765","8ea5a39a"
"316","386.856","R2L","00A0EA","25","çº¢å­—ä½ åˆ«è®¡è¾ƒäº†ï¼Œæœ¬æ¥å°±æ˜¯ç›´æŽ¥è®¾å®šï¼Œæ¯”å¦‚å°¸ä½“æ´¾å¯¹é‡Œé¢å„ç§æ€ªç‰©äº’ç›¸çº¦æŸï¼Œæ¯«æ— é“ç†å¯è¨€","1516809290","4f0fef70"
"317","384.272","R2L","FFFFFF","25","çœ‹è¿‡ä¸€çŸ­ç‰‡ä¸€ä¸ªäººè¢«é¬¼å®³æ­»äº†ï¼Œç„¶åŽå˜æˆé¬¼æŠŠå®³ä»–çš„é¬¼æš´æ‰“çš„ä¸€é¡¿","1512443080","bda44fe5"
"318","383.052","BOTTOM","E70012","25","è´žå­æ‰€åœ¨çš„ä¸–ç•Œæ˜¯ç”µè„‘æ¨¡æ‹Ÿå‡ºæ¥çš„","1512381810","94fc9a5"
"319","383.567","R2L","FFFFFF","25","åŽŸæ¥å‰å¤«æ˜¯æ— æžçš„å¤§å°†å†›","1536721271","add81116"
"320","384.921","R2L","009843","25","çº¢å­—ï¼Œé—æ†¾åœ°å‘Šè¯‰ä½ ï¼Œè´žå­æ˜¯ç”µè„‘ç—…æ¯’ï¼Œä¸€åˆ‡éƒ½æ˜¯è™šæ‹Ÿå‡ºæ¥çš„â€œçŽ¯ç•Œâ€","1512456686","53cb643b"
"321","385.384","TOP","E70012","25","66666666666å¤§ä½¬","1517129129","3fbf62a5"
"322","386.168","R2L","E70012","25","è´žå­æ´»ç€çš„æ—¶å€™å°±æ˜¯è¶…èƒ½åŠ›è€…çš„æ­»äº†å½“ç„¶æ— æ•Œ","1523694940","fd99ab22"
"323","387.538","R2L","FFFFFF","25","çº¢å­—å¥½è¯„","1518574391","74431e5"
"324","384.461","R2L","FFFFFF","25","â†‘æ‰€ä»¥å§ï¼Œæˆ‘ä¹Ÿè®¤ä¸ºçœ‹æ—¥æœ¬çš„é¬¼ç‰‡å•Šï¼Œä¸è¦å¤ªè®¤çœŸçš„æ‰¾é€»è¾‘çš„ï¼Œçº¯çœ‹é¬¼å°±å¥½äº†ðŸ˜‚ðŸ˜‚","1526704810","4bc5a66e"
"325","386.231","R2L","FFFFFF","25","â†æˆ‘ä¹Ÿæœ‰è¿™æ ·çš„æ„Ÿè§‰ï¼Œä½†æ›´å¤šçš„æ˜¯å†¤å†¤ç›¸æŠ¥ä½•æ—¶äº†è¿™æ ·çš„æƒ³æ³•","1512381821","48e650cf"
"326","380.437","R2L","FFFFFF","25","å°è¯´é‡Œä¸æ˜¯åšå£«æ€çš„å¥¹ï¼Œæ˜¯åŒ»ç”Ÿï¼Œè€Œä¸”æ˜¯å¥¹æ•…æ„çš„","1516789691","18253f77"
"327","379.24","R2L","FFFFFF","25","æˆ‘è¿˜æ˜¯å–œæ¬¢åˆå¤œ3çš„ä»²é—´ç”±çºªæƒ ","1512566752","3686e82b"
"328","379.581","R2L","FEF102","25","è´žå­æ˜¯ä¸ªæ‰¶ä»–â€¦â€¦","1512456561","53cb643b"
"329","372.419","R2L","FFFFFF","25","æ„Ÿè§‰ä¼½æ¤°å­åŽ‰å®³","1516774155","3465936b"
"330","374.496","R2L","FFFFFF","25","å¤§å®¶å¥½æˆ‘æ˜¯ï¼ˆå±±æ‘è€å°¸ï¼‰çš„æ¥šäººç¾Ž","1533782564","59e53e40"
"331","372.08","TOP","E70012","25","ä½œæ­»å•Š","1512378865","e51cce7a"
"332","375.928","R2L","FFFFFF","25","è´žå­è¯´ï¼šä¸è¦ç´§ï¼Œæˆ‘ä¼šçˆ¬","1533539004","11dd30f"
"333","367.794","R2L","FFFFFF","25","è´žå­æˆ‘è€å©†","1512377780","1bb1b221"
"334","366.661","R2L","FFFFFF","25","æˆ‘å¥½æ··ä¹±ï¼Œæ˜¯è´žå­ä¸æ˜¯ä¼½è€¶å­ï¼Ÿ","1512736722","d2b6381"
"335","364.325","R2L","FFFFFF","25","è¦æ˜¯çœ‹äº†ä¹‹åŽèº«è¾¹æ²¡æœ‰ç”µè¯æ€Žä¹ˆåŠžâ†_â†","1512483172","fa09f7ad"
"336","364.8","R2L","FFFFFF","25","å¯Œå¼ºæ˜Žä¸»æ–‡æ˜Žå’Œè°è‡ªç”±å¹³ç­‰å…¬æ­£æ³•æ²»ï¼Œ24å­—çœŸè¨€æŠ¤æˆ‘èº«ï¼Œé‚ªé­”é€€æ•£","1548384349","a4ca24a"
"337","356.227","R2L","FF0000","25","å¯Œå¼ºã€æ°‘ä¸»ã€æ–‡æ˜Žã€å’Œè°ï¼Œè‡ªç”±ã€å¹³ç­‰ã€å…¬æ­£ã€æ³•æ²»ï¼Œ çˆ±å›½ã€æ•¬ä¸šã€è¯šä¿¡ã€å‹å–„","1517117110","734e1885"
"338","358.091","R2L","FFFFFF","25","ä¸æ•¢çœ‹","1527145403","10f4d749"
"339","355.84","R2L","FFFFFF","25","ç«™è´žå­å¤§çˆ·3dç‰ˆ","1512381245","7e1e5d8a"
"340","358.082","R2L","FFFFFF","25","æœ‰ä¸¤ä¸ªè´žå­ã€ä¸€ä¸ªæ˜¯åˆ†è£‚çš„","1556497730","c33d4ba6"
"341","358.321","R2L","FFFFFF","25","è´žå­å¾ˆæ¼‚äº®ï¼Œè€Œä¸”å¾ˆå–„è‰¯ï¼Œä½†æ˜¯ç”±äºŽåˆ†è£‚å¯¼è‡´ä¸€ä¸ªæ˜¯å°å­©ï¼Œä¸€ä¸ªæ˜¯äººç±»","1514024092","37ccd58b"
"342","355.29","R2L","FFFFFF","25","æ‰‹å¥½çœ‹ï¼ˆï½¡Ã² âˆ€ Ã³ï½¡ï¼‰","1515650925","8acbc611"
"343","355.642","R2L","FFFFFF","25","å…‰æ˜Žå¤§å°†å†›ï¼Œä½ çš„é²œèŠ±ç›”ç”²å‘¢ã€‚ã€‚ã€‚","1512396691","e3608169"
"344","355.62","R2L","009843","25","ç”µå½±å‰ä¸¤éƒ¨è¿˜å¯ä»¥ï¼Œå°è¯´ç¬¬ä¸‰éƒ¨å¼€å§‹å˜ç§‘å¹»å°è¯´äº†ï¼Œè‡³äºŽè´žå­3Då˜›â€¦â€¦","1512456469","53cb643b"
"345","351.331","R2L","FFFFFF","25","å¥½åƒ5å¹´çºªæš‘å‡ï¼Œç”µè§†æ’­ï¼Œæˆ‘è¯¯çœ‹äº†ï¼Œå“å¾—å¤Ÿå‘›","1526732476","d25d2f7e"
"346","350.1","R2L","FFFFFF","25","æˆ‘çœ‹è¿‡å°è¯´","1524624188","68e99799"
"347","351.586","R2L","FFFFFF","25","ä¸æ•¢çœ‹","1533122497","ddaece4d"
"348","354.917","R2L","FFFFFF","25","2333","1512873326","2ed4b238"
"349","350.237","R2L","FFFFFF","25","æ²¡çœ‹è¿‡","1516771348","11a220d"
"350","351.571","R2L","FFFFFF","25","å¼¹å¹•å‘¢","1513481512","a3bdf3b7"
"351","352.305","R2L","FFFFFF","25","å¯Œå¼º æ°‘ä¸» æ–‡æ˜Ž å’Œè° è‡ªç”± å¹³ç­‰ å…¬æ­£ æ³•åˆ¶ çˆ±å›½ æ•¬ä¸š è¯šä¿¡ å‹å–„","1512820924","839c4b69"
"352","346.684","R2L","FFFFFF","25","åˆå¤œå‡¶é“ƒçœ‹çš„æ˜¯ç¾Žç‰ˆçš„","1517405888","bd5a2850"
"353","344.419","R2L","FFFFFF","25","ï¼‹1","1516774119","3465936b"
"354","346.684","R2L","FFFFFF","25","ä¸æ•¢çœ‹","1533122492","ddaece4d"
"355","349.059","R2L","FFFFFF","25","æ¬¢è¿Žæ¥åˆ°æ²¡å­—å¹•çœ‹ä¸ªåµç³»åˆ—ã€‚","1513591438","d84a7350"
"356","349.2","R2L","FFFFFF","25","æ¯äº²å«çš„åå­—æ˜¯è´žå­ï¼","1514023931","37ccd58b"
"357","347.522","R2L","FFFFFF","25","è´žå­å¦ˆå¦ˆæ˜¯è¶…èƒ½åŠ›è€…","1556497691","c33d4ba6"
"358","344.94","R2L","FFFFFF","25","ä¸æ•¢çœ‹","1524372488","f022585d"
"359","346.175","R2L","FFFFFF","25","ï¼‹1","1517374225","d66ddb72"
"360","349.138","R2L","FFFFFF","25","å®žè¯ï¼Œè¿™éƒ¨åˆå¤œå‡¶é“ƒæ„Ÿè§‰ä¸ææ€–ï¼Œå¯èƒ½æ˜¯å¹´ä»£ä¸åŒå§ï¼Œæˆ‘ä»¬è¿™ä»£äººçœ‹çš„å¤ªå¤šäº†","1526079381","dfb89950"
"361","343.664","R2L","FFFFFF","25","å°±ä½ çœ‹è¿‡ï¼Œå°±ä½ æœ‰å˜´å§å§","1519570739","909c55e8"
"362","342.235","R2L","FFFFFF","25","æ²¡çœ‹è¿‡","1513590054","b27d0541"
"363","337.374","R2L","FFFFFF","25","å±…ç„¶è¿˜æœ‰è¿™ä¹ˆå¤šäººæ²¡çœ‹è¿‡åˆå¤œå‡¶é“ƒï¼Ÿ","1512417155","a441c346"
"364","333.687","R2L","FFFFFF","25","ä¸ºå•¥éƒ½è¿™ä¹ˆä½œå‘¢ï¼Œèƒ½ä¸èƒ½å¥½å¥½é”€æ¯è¿™äº›ä¸œè¥¿","1564931429","a421fdad"
"365","329.4","R2L","FFFFFF","25","çœŸå´Žèˆªå•Š","1518526401","2f49123e"
"366","331.593","TOP","66FFFF","18","å…¶å®žæ˜¯é‚£ä¸ªåšå£«æ€çš„","1521504966","2883e099"
"367","329.171","R2L","FFFFFF","25","ä¸»è§’ä¸åŽ»æŽ¢ç©¶è¿™äº›ä¸œè¥¿ï¼Œé‚£ä½ èƒ½çœ‹åˆ°å•¥ï¼Ÿ","1512378754","d518722a"
"368","325.171","R2L","FFFFFF","25","è¿™ç§ç‰‡å­ä¸€èˆ¬éƒ½æ˜¯è¦è°ƒæŸ¥ä¸€ç•ª","1523496189","c27b4620"
"369","326.245","R2L","FFFFFF","25","æŽ·ç²¾å­","1550475565","c213b209"
"370","326.9","R2L","E70012","25","è´žå­:è¦æŒ‘æˆ˜çš„äººæŽ’å¥½é˜Ÿï¼Œä¸€ä¸ªä¸€ä¸ªæ¥ï¼","1564478873","3faf51d1"
"371","318.051","R2L","FFFFFF","25","å‰å¤«å“¥ä¹Ÿå¾ˆå¸…","1515768133","a1a8a470"
"372","320.853","R2L","FFFFFF","25","å¼¹å¹•ï¼Ÿ","1512397360","236352ea"
"373","321.365","R2L","FFFFFF","25","çº¸å·¾å­...","1556871960","d25e0760"
"374","320.783","R2L","FFFFFF","25","çƒ§æŽ‰å•Š","1512452067","577e1586"
"375","320.416","R2L","FFFFFF","25","æ¥ä¸ªå…¨çƒæ’­æ”¾~24å°æ—¶ç›´æ’­","1554098679","41d933da"
"376","316.379","R2L","FFFFFF","25","æ™ºç²¾å­","1513415991","50a9ec34"
"377","312.522","R2L","FFFFFF","25","ä¸ºä½•ä¸æ‰¾ä¸€äº›äººå®ˆç€è¿™äº›çœ‹è¿‡çš„äººï¼Ÿ","1512397563","eada1659"
"378","314.306","R2L","FFFFFF","25","ä½œæ­»","1531198710","bd21180a"
"379","312.277","R2L","FFFFFF","25","æˆ‘ä»¬æ˜¯ä¸æ˜¯éƒ½çœ‹äº†","1512398204","97e3ce3d"
"380","314.847","R2L","FFFFFF","25","111111111111111111","1512801513","a4dd35e"
"381","312.82","R2L","FFFFFF","25","é€ƒåˆ°æ¬§æ´²åŽ»å§ï¼Œè´žå­è¿½ä¸ä¸Š","1535990511","370a6882"
"382","311.542","R2L","FFFFFF","25","æˆ‘è®°å¾—å½•å½±å¸¦æœ€åŽç»™çˆ·çˆ·äº†","1512381791","7ba63441"
"383","312.95","R2L","FFFFFF","25","ä¸€å®¶äººå°±è¦æ•´æ•´é½é½","1512391622","a3fa0013"
"384","312.269","R2L","FFFFFF","25","ä½œæ­»å„¿å­ä¸Šçº¿","1527145357","10f4d749"
"385","314.083","R2L","FFFFFF","25","å¹²å˜›ä¸çƒ§äº†","1513703339","9a9bc751"
"386","312.255","R2L","FFFFFF","25","6666","1523967796","6ee220bc"
"387","313.067","TOP","90C320","25","ä¸€äººä½œæ­»ï¼Œå…¨å®¶é­æ®ƒ","1512392395","33aeeeae"
"388","312.588","R2L","FFFFFF","25","ä¸€å®¶äººå˜›ï¼Œæœ€é‡è¦å°±æ˜¯æ•´æ•´é½é½","1512381168","272ad9bf"
"389","315.494","R2L","FFFFFF","25","çœŸç”°å¹¿ä¹‹","1524729561","c551d165"
"390","308.352","BOTTOM","009843","25","å‰å¤«å¬æˆæƒ…å¤«çš„æ‰£11111","1512483988","6857c4e4"
"391","306.28","R2L","FFFFFF","25","æ˜¯æ™ºå­å«ä»–çœ‹çš„ï¼Œupæ²¡æ","1537061638","950827d"
"392","310.316","TOP","E70012","25","å‰å¤«ï¼ï¼ï¼ï¼","1512379080","e51cce7a"
"393","308.579","R2L","FFFFFF","25","æ´»è¯¥  ä¸ä½œä¸æ­»  å¥½å¥‡å®³æ­»çŒ«","1512467110","25dbb5ab"
"394","305.274","R2L","FFFFFF","25","éƒ½ä¼šæ­»çš„","1512464660","41586950"
"395","308.565","R2L","FFFFFF","25","å½•åƒå¸¦æ˜¯è´žå­æ‰¾å‡ºæ¥è¯±æƒ‘å­©å­çœ‹çš„","1516789430","18253f77"
"396","307.421","R2L","FFFFFF","25","å¤©å“ªæ˜ŽçŸ¥æœ‰å­©å­è¿˜ä¸ä¿å­˜å¥½","1549102418","86df44bc"
"397","302.678","R2L","FFFFFF","25","åœ°ç‹±é¬¼æ‰‹ï¼","1538460016","b312ff60"
"398","301.319","R2L","FFFFFF","25","å„¿å­å°±æ˜¯å¾ˆç¤¾ä¼šå•Š","1524281799","ac893bdd"
"399","304.404","R2L","FFFFFF","25","you'll be all dead","1514435046","3e9686a4"
"400","302.371","R2L","FFFFFF","25","å­©å­ä»¥ä¸ºæ˜¯çˆ±æƒ…åŠ¨ä½œç‰‡å‘¢ï¼","1512873541","2ed4b238"
"401","304.549","R2L","FFFFFF","25","å¤§å®¶å¥½æˆ‘æ˜¯ä¼½æ¤°å­ ã€‚","1512566677","3686e82b"
"402","296.398","R2L","FFFFFF","25","å¯çˆ±æƒ³ çœ‹","1512577517","10095e2"
"403","296.592","R2L","FFFFFF","25","é«˜å±±é¾™å¸æ˜¯ç¥žï¼Œå°è¯´å…šè¡¨ç¤º","1524847934","8581cc73"
"404","297.901","TOP","FF0000","25","çˆ¶æ¯ä¹Ÿæ˜¯ï¼Œæ€Žä¹ˆå°±ä¸æŠŠå½•åƒå¸¦ç ¸äº†å‘¢â€¦â€¦è—èµ·æ¥æœ‰å¯èƒ½è¢«æ‰¾åˆ°å•Š","1512986026","daad4555"
"405","298.849","R2L","FFFFFF","25","ä½ ä¸ªå®Œè›‹å­©å­ï¼Œçœ‹ç€ç ´çŽ©åº”å¹²å“ˆ","1512440011","460c9072"
"406","298.017","TOP","E70012","25","å½•åƒå¸¦è¿˜å¸¦åœ¨èº«è¾¹å¹²å˜›","1512390088","d60dce4c"
"407","294.276","R2L","FFFFFF","25","è´žå­ï¼šå¿«ç‚¹æ‰¾å‡ºçœŸç›¸ï¼ï¼","1562300081","834df3d9"
"408","292.343","R2L","FFFFFF","25","ðŸ˜æœ‰æ²¡æœ‰è¿™ç§å¯èƒ½ï¼Œè´žå­ä¼šè¢«æ¸©æš–æ„ŸåŒ–å‘¢ï¼Ÿâ¤","1526704577","4bc5a66e"
"409","292.92","R2L","FFFFFF","25","æƒ³èµ·é˜Žé­”çˆ±äº†ï¼Œä¹Ÿè¢«äººç§°ä¸ºå¦–æ€ª","1520598442","8090e4a1"
"410","292.536","R2L","FFFFFF","25","å·çœ‹ç¥žç§˜å½•åƒå¸¦ï¼Œå—¯ï¼Œæˆ‘ä¹Ÿåšè¿‡","1512390591","cb365008"
"411","285.52","R2L","FFFFFF","25","è¿™é‡Œè§£é‡Šä¸æ¸…æ¥šï¼Œä»–ä»¬æ˜¯æ ¹æ®å½•åƒå¸¦çš„ç”»é¢åŽ»åˆ†æžï¼ŒåŽ»æ‰¾ä¿¡æ¯æ¥æº","1547275772","2ecf5ba"
"412","286.016","TOP","FFFFFF","25","ç»™ä½ ä»¬é¢„è¨€ç¾å®³è¿˜éª‚äºº","1513702936","3440a576"
"413","285.522","R2L","00CD00","25","é‚£ä¸ªå¥³äººå« å±±æ‘å¿—æ´¥å­ æ˜¯å±±æ‘è´žå­çš„å¦ˆå¦ˆ","1558689131","f92d5e3c"
"414","284.66","R2L","FFFFFF","25","æˆ‘è§‰å¾—å’’æ€¨å’Œåˆå¤œå‡¶é“ƒå·®ä¸å¤š","1512736564","d2b6381"
"415","288.115","R2L","FFFFFF","25","you'll be","1514435031","3e9686a4"
"416","277.89","R2L","FFFFFF","25","è¿™ç”·çš„åŽæ¥å¥½åƒæœ‰å¤åˆ¶å“å’Œè´žå­é€é¥åŽ»äº†å§","1556497547","c33d4ba6"
"417","281.389","TOP","FFFFFF","25","è‹å¡å¸ƒåˆ—å¡”ï¼","1555983067","64aa9c"
"418","273.884","R2L","FFFFFF","25","é‚£ä¸ªèƒ½ä¸èƒ½æŠŠå½•åƒå¸¦å…¨çƒç›´æ’­ çœ‹çœ‹é‚£ä¸ªå¥³é¬¼æ¥ä¸æ¥çš„æ€¥æ€","1525597835","7100b0da"
"419","272.015","R2L","FFFFFF","25","éƒ½æ­»äº†","1512464627","41586950"
"420","272.279","R2L","FFFFFF","25","æ²¡çœ‹è¿‡åŽŸè‘—ï¼Œè¿™ä¸ªå½•åƒå¸¦ä¸èƒ½çƒ§å—","1540144880","d0fc3bd6"
"421","275.324","R2L","FFFFFF","25","å¤§é•¿è…¿","1562245900","d023236a"
"422","269.866","R2L","FFFFFF","25","ç¬‘æ­»Â·Â·Â·","1513415317","494a0e20"
"423","267.418","R2L","FFFFFF","25","ä¸çŸ¥é“æˆ‘ç”µè¯åœæœºäº†ï¼Œä¼šä¸ä¼šç»™æˆ‘å……è¯è´¹äº†å†ç»™æˆ‘æ‰“","1523106660","b5f62e38"
"424","269.54","R2L","009843","25","æ˜¯çš„ï¼Œä¹Ÿæ¼”è¿‡ã€Šæœ€åŽæ­¦å£«ã€‹å’Œã€ŠåŒèžºæ—‹ã€‹","1512455994","53cb643b"
"425","270.995","R2L","FFFFFF","25","è´žå­ï¼šå°¼çŽ›ï¼ç´¯æ­»è€å­äº†ï¼ï¼Œ","1555595824","dc8c81a5"
"426","269.613","R2L","FFFFFF","25","çœŸç”°å¹¿ä¹‹","1558889635","ced07ad"
"427","263.376","R2L","FFFFFF","25","èˆ”å¤§ç™½è…¿","1512387639","9674cb7c"
"428","261.568","R2L","FFFFFF","25","çœŸç”°æ¯”èœèœå­çŸ®å¥½å¤š~","1517822632","6b6c2c96"
"429","261.062","R2L","FFFFFF","25","è‹å¡å¸ƒåˆ—å¡”","1555983034","64aa9c"
"430","261.521","R2L","FFFFFF","25","æ²¡äº¤ç”µè¯è´¹å§","1515819793","7b00efea"
"431","263.321","R2L","FFFFFF","25","è¿™ä¸ªç”·çš„æ˜¯ä¸æ˜¯æ¼”è¿‡å¼‚æ˜Ÿè§‰é†’é‡Œé¢æŸä¸ªäººå“¦","1512398809","5b0bcf0"
"432","257.853","R2L","FFFFFF","25","ä½œ","1512463651","f9cf1ce4"
"433","255.749","R2L","FFFFFF","25","å‰å¤«éƒ½æ˜¯å¦‚æ­¤çš„","1512464611","41586950"
"434","259.536","R2L","FFFFFF","25","é©¬å…‹æ€ä¸»ä¹‰çš„æŽ¥ç­äººæ— æ‰€ç•æƒ§","1524624097","68e99799"
"435","260.322","R2L","FFFFFF","25","æƒŠå£°å°–ç¬‘3è¢«æ¶æž","1513415307","494a0e20"
"436","256.822","R2L","FFFFFF","25","è“è“è·¯","1519205293","f91f2ec9"
"437","254.722","R2L","FFFFFF","25","ä½œæ­»","1562245879","d023236a"
"438","252.447","R2L","FFFFFF","25","md è¿™å›¾è°pçš„","1513615035","23fd98c9"
"439","253.308","R2L","FFFFFF","25","è¿™å¿ƒç†æš—ç¤º","1520837471","dcab0b5b"
"440","251.001","R2L","E70012","25","å‰å¤«å¤ªå¸…äº†ï¼Œå†ä¸ºçœŸç”°å”æ‰“CALL!","1512456225","53cb643b"
"441","250.478","TOP","000000","25","11111111111111111111","1527670146","8b80a070"
"442","254.662","R2L","FFFFFF","25","å®¶é‡Œæ²¡ç”µè¯è‚¿ä¹ˆç ´","1512385806","f2f85763"
"443","252.32","R2L","FFFFFF","25","æˆ‘ä»¬éƒ½çœ‹è§äº†   è´žå­å°å§å§æ€•ä¸æ˜¯è¦å¿™æˆçš®çš®è™¾","1524023381","49f3a643"
"444","253.269","R2L","FFFFFF","25","çœŸç”°å°é˜Ÿé•¿æ˜¯ä½ å—","1512887133","91c3b8d9"
"445","251.979","R2L","FFFFFF","25","å¥—è·¯äº†","1514422277","1b02b23f"
"446","251.956","R2L","FFFFFF","25","æ— æ„å†’çŠ¯","1538573040","a3f983cb"
"447","249.176","BOTTOM","E70012","25","é¾™çš„ä¼ äººï¼Œä¸æœæ¥å¹²","1571676085","f3b23520"
"448","249.59","R2L","FFFFFF","25","ç”µè¯æ˜¯ä¸‡æ¶ä¹‹æº","1569224527","3e67dc37"
"449","245.225","R2L","FFFFFF","25","çš®è¿™ä¹ˆä¸€ä¸‹ï¼Œä½ èˆ’æœä¹ˆ","1512377987","16b087ff"
"450","247.935","R2L","FFFFFF","25","ä¸ä½œä¸æ­»","1512443203","470b9c21"
"451","249.597","R2L","FFFFFF","25","æƒŠå£°å°–ç¬‘ï¼Œå“ˆå“ˆå“ˆå“ˆ","1512476115","e1f30413"
"452","247.352","R2L","FFFFFF","25","è‹å¡å¸ƒåˆ—","1555983020","64aa9c"
"453","245.121","R2L","FFFFFF","25","å¼¹å¹•åˆä½“","1513411091","4ab2970"
"454","247.234","R2L","FFFFFF","25","æ— æ„å†’çŠ¯","1540021369","984a10fc"
"455","249.176","TOP","E70012","25","é¾™çš„ä¼ äººï¼Œä¸æœå•æŒ‘","1571676066","f3b23520"
"456","248.123","R2L","FFFFFF","25","å‡‰å‡‰æœˆè‰²ä¸ºä½ æ€å¿µæˆæ²³","1562300035","834df3d9"
"457","247.093","R2L","FFFFFF","25","æƒŠå£°å°–å«é‚£ä¸ªè´žå­ç¬‘åˆ°ä¸èƒ½è‡ªæ‹”","1518673960","394152fb"
"458","246.677","R2L","FFFFFF","25","æœ‰æ„ç‚¹ï¼Œå¼€ä¸æœsolo","1533281278","97b8b8"
"459","245.009","R2L","FFFFFF","25","çœ‹äº†å°è¯´åŽéœ‡æƒŠåˆ°äº†","1512380647","d030cbc4"
"460","245.896","TOP","E70012","25","é¾™çš„ä¼ äººï¼Œä¸æœæ¥å¹²","1571676049","f3b23520"
"461","247.043","R2L","FFFFFF","25","äººæ°‘è‹±é›„è´žå­","1518958035","496ef130"
"462","246.32","R2L","FFFFFF","25","ä¹ æƒ¯æŽ¥ç”µè¯çš„åŽæžœ","1531459433","c6567da8"
"463","249.432","R2L","FFFFFF","25","æˆ‘éœ€è¦å¼¹å¹•","1512397009","236352ea"
"464","248.935","R2L","FFFFFF","25","æ— æ„å†’çŠ¯","1538573025","a3f983cb"
"465","246.339","R2L","FFFFFF","25","æ— æ„å†’çŠ¯","1525947573","dda2440f"
"466","249.275","TOP","00CC00","25","å¼¹å¹•æŠ¤ä½“","1512543593","79df5a21"
"467","242.444","R2L","FFFFFF","25","è€çƒŸä½ è¿™æ˜¯è°‹æ€æ‰€æœ‰äººéƒ½çœ‹äº†å½•åƒ","1534210006","5bd42dca"
"468","239.219","R2L","E70012","25","ç‰©ä¸šå‡¶é“ƒ","1519456680","d1536135"
"469","239.807","R2L","FFFFFF","25","æ— æ„å†’çŠ¯","1522890904","8ab34303"
"470","242.2","R2L","FFFFFF","25","æ— æ„å†’çŠ¯","1517762524","25850146"
"471","242.359","R2L","E70012","25","ä¹Œæ‹‰ï¼","1523683790","fa4771fb"
"472","240.659","TOP","FFFFFF","25","å«ä½ ä½œæ­»","1516504498","dc949489"
"473","243.402","R2L","FFFFFF","25","é‚£ä¸æŽ¥ç”µè¯å‘¢","1512380804","e645dec1"
"474","242.659","R2L","FFFFFF","25","è¯´å‡ºæ¥ä½ ä»¬å¯èƒ½ä¸ä¿¡ï¼Œåˆå¤œå‡¶é“ƒåŽŸå°è¯´æ˜¯ç§‘å¹»æ–‡","1515515005","e976971d"
"475","242.899","R2L","FFFFFF","25","Wuyi","1525947556","dda2440f"
"476","243.419","R2L","FFFFFF","25","æ— æ„å†’çŠ¯","1525947562","dda2440f"
"477","243.89","TOP","66FFFF","18","æˆ‘ä»¬è¦å‡‰äº†ï¼ï¼ï¼ï¼ï¼ï¼ï¼ï¼","1521504883","2883e099"
"478","241.758","BOTTOM","000000","25","1111111111111111111","1527670137","8b80a070"
"479","241.136","R2L","FFFFFF","25","æ— æ„å†’çŠ¯","1531198637","bd21180a"
"480","240.428","R2L","FFFFFF","25","ç›´æŽ¥ç ¸ç”µè§†","1512530096","ca29863"
"481","239.121","R2L","FFFFFF","25","666","1512391097","d7f818d3"
"482","241.871","R2L","00FF00","25","æƒŠå£°å°–ç¬‘+1ï¼ˆå¯æƒœåŽæ¥æ¢äº†ä¸»æ¼”ï¼‰","1512386480","3451e434"
"483","243.701","R2L","FFFFFF","25","çŽ°åœ¨æ‰å®³æ€•æ™šäº†ï¼Œ","1512386861","8b586626"
"484","235.813","R2L","FFFFFF","25","å¼¹å¹•","1512397275","236352ea"
"485","237.059","R2L","FFFFFF","25","å¼¹å¹•æŠ¤ä½“","1516800076","593e75e3"
"486","238.502","TOP","FFFFFF","25","çœ‹è¿‡æƒŠå£°å°–ç¬‘3æ— ç•æƒ§","1512381817","cfc48493"
"487","235.54","R2L","FFFFFF","25","é€è€…å®‰æ¯","1514533746","c1762a39"
"488","237.18","R2L","FFFFFF","25","å‡ ä¹Žæ‰€æœ‰çš„ææ€–ç‰‡ä¸»è§’éƒ½æ­»äºŽä½œæ­»","1512389858","dca32968"
"489","234.166","R2L","FFFFFF","25","åˆ«æŽ¥å•Š","1564931330","a421fdad"
"490","236.841","R2L","FFFFFF","25","æ— æ„å†’çŠ¯","1513408557","241cafa0"
"491","235.828","R2L","FFFFFF","25","è´žå­å¤§æˆ˜é‚£ä¸ªç‰›é€¼","1533122381","ddaece4d"
"492","237.115","R2L","FFFFFF","25","ä½œæ­»å®šå¾‹","1527145282","10f4d749"
"493","235.221","TOP","FF0000","25","ä¸æŽ¥ä¼šæ€Žä¹ˆæ ·ï¼Ÿ","1512985913","daad4555"
"494","235.01","R2L","FFFFFF","25","æ— æ„å†’çŠ¯","1512794476","8ca101e3"
"495","234.99","R2L","FFFFFF","25","å¼¹å¹•æŠ¤ä½“","1569638701","31975efe"
"496","234.955","R2L","FFFFFF","25","ç¤¾ä¼šç¤¾ä¼š","1512577473","10095e2"
"497","237.222","R2L","FFFFFF","25","æŽ¥Jæ¯›å•Š","1512396144","fbd2d33e"
"498","234.348","R2L","FFFFFF","25","ä½ èµ°ä¸äº†äº†","1512397129","2883e099"
"499","233.123","TOP","E70012","25","è‹ç»´åŸƒä¸‡å²","1521505820","5095f64a"
"500","234.542","R2L","E2027F","25","ä¸æŽ¥ä¼šæ€Žä¹ˆæ ·ï¼Ÿ","1512440295","bef84d41"
"501","234.795","R2L","FFFFFF","25","å¤§å®¶å¥½æˆ‘æ˜¯ä¼½æ¤°å­ï¼","1512566608","3686e82b"
"502","236.621","R2L","E70012","25","ä»Šæ™šç™½å®«æ˜¯æˆ‘å®¶ï¼Œä¹Œæ‹‰","1564478764","3faf51d1"
"503","230.003","R2L","FFFFFF","25","å‡‰å‡‰æœˆè‰²ä¸ºä½ æ€å¿µæˆæ²³~~~~","1514114856","83ba5877"
"504","229.16","R2L","E70012","25","åˆ·æ— æ„å†’çŠ¯çš„æ€•æ˜¯çŸ³ä¹å¿—","1512456168","53cb643b"
"505","232.834","R2L","FFFFFF","25","å®³æ€•","1512386815","da7d9a40"
"506","228.243","R2L","FFFFFF","25","ä½œæ­»","1537251457","2c7f2856"
"507","229.965","R2L","FFFFFF","25","ç‰›é€¼","1524624068","68e99799"
"508","229.334","R2L","FFFFFF","25","å®Œäº†ï¼Œå¤§å®¶éƒ½æ²¡æ•‘äº†","1512464584","41586950"
"509","228.407","R2L","FFFFFF","25","å¤§å®¶å¥½æˆ‘æ˜¯ä¼½æ¤°å­","1549707134","66f456cc"
"510","230.664","R2L","FFFFFF","25","è¯è¯´ä¸æŽ¥ç”µè¯ä¼šæ€Žä¹ˆæ ·","1518509239","dcf1297a"
"511","232.239","R2L","FFFFFF","25","æ— æ„å†’çŠ¯","1513336158","79bec9d8"
"512","228.912","R2L","FFFFFF","25","å¼¹å¹•æŠ¤ä½“","1512382844","ceeb712"
"513","230.007","R2L","FFFFFF","25","ç”µè¯çªç„¶æƒ³èµ·å®ƒçš„æˆä»½åˆ°äº†","1512390477","cb365008"
"514","231.285","R2L","FFFFFF","25","ä¸ºä»€ä¹ˆè¦æŽ¥ã€‚ã€‚","1512390260","b1f5acca"
"515","224.963","R2L","FFFFFF","25",".......","1512385597","229fd08c"
"516","222.378","TOP","FFFFFF","25","æ˜¯æ›¿èº«æ”»å‡»ï¼","1559981889","8b406377"
"517","225.339","R2L","E70012","25","å¼¹å¹•æŠ¤ä½“ï¼Œæˆ‘ä¹Ÿçœ‹äº†å½•åƒå¸¦äº†","1516773992","3465936b"
"518","226.577","R2L","FFFFFF","25","ä½œæ­»","1512378215","9a21dd5"
"519","224.336","R2L","FFFFFF","25","å¯Œå¼ºã€æ°‘ä¸»ã€æ–‡æ˜Žã€å’Œè°ï¼Œè‡ªç”±ã€å¹³ç­‰ã€å…¬æ­£ã€æ³•æ²»ï¼Œ çˆ±å›½ã€æ•¬ä¸šã€è¯šä¿¡ã€å‹å–„","1517116768","734e1885"
"520","224.401","R2L","FFFFFF","25","æˆ‘æ²¡çœ‹è¿‡â€¦â€¦æœ‰ç‚¹æ€‚äº†â€¦â€¦","1513329499","36a35876"
"521","223.448","TOP","90C320","25","çªç„¶æ²¡æœ‰å¼¹å¹•ï¼Œæˆ‘æ¥æŠ¤ä½“ï¼ï¼ï¼","1512392377","33aeeeae"
"522","226.004","R2L","FFFFFF","25","æˆ¿é—´çš„ç”µè¯å¿½ç„¶â€œæƒ³â€èµ·","1512644968","166ec54c"
"523","226.048","R2L","FFFFFF","25","å¼¹å¹•æŠ¤è‚¤","1512696815","c15a237f"
"524","226.268","R2L","FFFFFF","25","å®Œäº†ï¼Œæ˜¯é¸¡ä½ å¤ªç¾Ž","1565945545","478d516"
"525","223.146","R2L","FFFFFF","25","nmå¼€ç¯çœ‹ä¼šæ­»ï¼Ÿ","1514789944","dc7b99f"
"526","225.868","R2L","FFFFFF","25","ä¸ä½œæ­»ä¸ä¼šæ­»","1512391608","ebe06f40"
"527","224.562","R2L","FFFFFF","25","æ²¡çœ‹è¿‡","1513133954","43913d2d"
"528","226.358","R2L","FFFFFF","25","1111111111111111111111111111111","1527670122","8b80a070"
"529","222.761","R2L","FFFFFF","25","å¼¹å¹•æŠ¤ä½“","1512380319","be1a6f6"
"530","226.167","R2L","FFFFFF","25","è¿™ç§é¬¼ä¹Ÿå°±åœ¨æ—¥æœ¬ï¼Œæœ‰èƒ½è€æ¥å¤©å¸ˆåºœï¼Œä¿è¯ç”¨é›·åŠˆæ­»å®ƒ","1515499349","346ab04b"
"531","224.18","R2L","FFFFFF","25","å¼¹å¹•æŠ¤ä½“","1513941045","d83dc371"
"532","226.555","R2L","FF0000","25","å¯Œå¼ºã€æ°‘ä¸»ã€æ–‡æ˜Žã€å’Œè°ï¼Œè‡ªç”±ã€å¹³ç­‰ã€å…¬æ­£ã€æ³•æ²»ï¼Œ çˆ±å›½ã€æ•¬ä¸šã€è¯šä¿¡ã€å‹å–„","1517116789","734e1885"
"533","219.47","R2L","FFFFFF","25","å¼¹å¹•æŠ¤ä½“ï¼ï¼ï¼ï¼ï¼ï¼ï¼ï¼ï¼ï¼ï¼ï¼ï¼ï¼ï¼ï¼ï¼ï¼ï¼ï¼","1531198615","bd21180a"
"534","217.62","R2L","FFFFFF","25","æ˜¯æˆ‘å•¦","1512456132","53cb643b"
"535","218.559","R2L","E70012","25","ä½ å¥½ï¼Œæˆ‘æ˜¯ç§¦å§‹çš‡ï¼Œæˆ‘æ²¡æœ‰æ­»2333333","1517128805","3fbf62a5"
"536","217.993","R2L","FFFFFF","25","å¼¹å¹•æŠ¤ä½“","1512880506","756713bf"
"537","217.169","R2L","FFFFFF","25","ä¸ºæˆ‘è´žå­æ‰“CALL","1512983604","fc047281"
"538","218.1","R2L","FFFFFF","25","æˆ‘ä¹Ÿçœ‹äº†çŽ°åœ¨å±…ç„¶è¿˜æ´»ç€å“ˆå“ˆ","1517707087","34117c89"
"539","221.204","R2L","FFFFFF","25","è´žå­","1518868060","5aae3d99"
"540","220.196","R2L","FFFFFF","25","å¼¹å¹•æŠ¤ä½“","1512382821","ceeb712"
"541","218.984","R2L","FFFFFF","25","å¼¹å¹•æŠ¤ä½“","1512387623","8d4a7052"
"542","216.659","R2L","FFFFFF","25","è´žå­è¿™å‡ å¹´ä¹Ÿç´¯äº†ï¼Œæ¯•ç«Ÿå„ç§å¤§æˆ˜","1514715382","7c1c6a4d"
"543","219.643","R2L","FFFFFF","25","å¤§å®¶éƒ½çœ‹è¿‡äº†","1512464574","41586950"
"544","218.87","R2L","FFFFFF","25","å¯æƒœäº†è¿™ä¹ˆæ¼‚äº®ä¸€å¦¹å­","1538817898","2097cd86"
"545","212.1","R2L","FFFFFF","25","ç¦å©†çš„ç­‰æˆ‘ï¼Œæ‰¾å°å“¥åŽ»","1512395646","2e2222c0"
"546","214.849","R2L","FFFFFF","25","å“Žå“Ÿ","1512395983","5633af90"
"547","214.869","R2L","FFFFFF","25","å»ºå›½åŽå“ªæ¥çš„å¦–ç²¾","1512462038","2e8dda3d"
"548","213.628","BOTTOM","000099","25","è¿™ä¸€å¹•çœŸæ˜¯é˜´å½±ï¼Œæˆ‘ä¸€ä¸ªäººåœ¨å®¶éƒ½ä¸æ•¢çœ‹ç”µè§†åå…‰","1512562524","fd51d54a"
"549","213.611","R2L","FFFFFF","25","å¤§å®¶å¥½æˆ‘æ˜¯ä¼½æ¤°å­","1512566587","3686e82b"
"550","215.31","R2L","FFFFFF","25","ä½ å¥½ï¼Œä½ å“åˆ°æˆ‘äº†","1530004216","5e319481"
"551","211.249","R2L","FFFFFF","25","è´žå­å¿«é€’ï¼Œå…¨çƒåŒ…é‚®ï¼Œä¸‰ç§’é€è¾¾","1556120295","b0063e5e"
"552","213.2","R2L","FFFFFF","25","å¤©å•Šï¼Œæˆ‘ä¹Ÿçœ‹äº†","1514088721","e7100ece"
"553","211.935","R2L","FFFFFF","25","æˆ‘ä»¬ä¸æ˜¯ä¹Ÿåœ¨çœ‹ã€‚ã€‚ã€‚","1514103361","8eb899ae"
"554","211.402","R2L","FFFFFF","25","äººæ°‘çš„è´žå­","1513994425","ce9adbb6"
"555","210.78","R2L","E70012","25","ä½ ä¸è¦è¿‡æ¥å•Šï¼Œè¦ä¸ä½ æ€€å­•äº†åŽæžœè‡ªè´Ÿ","1564478722","3faf51d1"
"556","207.964","R2L","FFFFFF","25","ç¦å©†é‚£ä¸ªåˆ«èµ°ï¼Œæˆ‘æ˜¯å´é‚ªå•Š","1512540316","a93c50ea"
"557","208.085","R2L","FFFFFF","25","ä½œæ­»å°èƒ½æ‰‹","1554954012","2e7870a2"
"558","206.549","R2L","FFFFFF","25","è¿™å¥³éƒ½å¥½æ¼‚äº®","1515898451","e702d34f"
"559","208.938","R2L","FFFFFF","25","è¿™å¥³çš„å¥½æ¼‚äº®","1515898585","e702d34f"
"560","208.323","R2L","FFFFFF","25","é¸¡ä½ å¤ªç¾Ž","1569638668","31975efe"
"561","208.843","BOTTOM","FF0000","25","å¤§å®¶å¥½  æˆ‘ä»¬å‡‰äº†","1521188878","7a1ef086"
"562","208.916","R2L","FFFFFF","25","è´žå¾·ï¼","1512387965","842ca1d6"
"563","201.436","TOP","00CCFF","25","è´žå­çš„æ¯äº²","1513150659","deb96073"
"564","205.082","R2L","FFFFFF","25","æˆ–è€…ä¸å¥½å—","1512397834","be7a078b"
"565","203.793","R2L","FFFFFF","25","ç»å…¸","1562245828","d023236a"
"566","200.262","TOP","E2027F","25","éœçŽ²ï¼","1514607714","53eea67"
"567","201.491","R2L","FFFFFF","25","ææ€–ç‰‡æ˜¯æˆ‘ä»¬å­¦æ ¡æ˜ŸæœŸäº”éƒ½ä¼šä¸Šæ˜ çš„ä¸œè¥¿","1517635493","8b31ed7d"
"568","201.504","R2L","FFFFFF","25","å¥³çš„æ˜¯è´žå­çš„æ¯äº²","1543630093","f92d5e3c"
"569","202.301","R2L","FFFFFF","25","è´žå­å¤§æˆ˜ä¼½æ¤°å­","1512566575","3686e82b"
"570","201.54","R2L","FFFFFF","25","è®©æˆ‘æƒ³åˆ°äº†æƒŠå£°å°–ç¬‘3","1512463154","4507f64e"
"571","204.738","R2L","FFFFFF","25","å¥½äº†å¤§å®¶éƒ½çœ‹åˆ°äº†","1512439913","61cc9cd9"
"572","204.956","R2L","FFFFFF","25","ç›´æŽ¥ç ¸æŽ‰å•Š","1564931301","a421fdad"
"573","202.602","R2L","FFFFFF","25","éœçŽ²ï¼ï¼Ÿï¼Ÿï¼Ÿï¼Ÿã€ï¼ï¼ã€‘","1519881570","50349264"
"574","203.57","TOP","FF0000","25","è§‚ä¼—æœ‹å‹ä»¬ï¼Œæ­¤åˆ»ä½ ä»¬ä¹Ÿåœ¨çœ‹å½•åƒå¸¦â€¦â€¦","1512393567","73feef96"
"575","200.102","R2L","FFFFFF","25","ä¸è¦æ€•ï¼Œå®¶é‡Œä¸ä¹°ç”µè§†æœºå°±æ²¡äº‹äº†","1512464555","41586950"
"576","199.971","R2L","FFFFFF","25","æ€•ä¸ªæ¯›è€å­å°±å–œæ¬¢é¬¼å§å§è®©å¼€è®©æˆ‘æ¥ï¼Œ","1512873424","2ed4b238"
"577","204.97","R2L","FFFFFF","25","æŠ¥å‘Šè€æ¿ ","1512381080","7e1e5d8a"
"578","204.841","R2L","FFFFFF","25","åŒå¿—æˆ‘æ¥äº†","1512390431","db1b2732"
"579","203.454","R2L","FFFFFF","25","äººæ°‘çš„è´žå­","1512390442","db1b2732"
"580","194.994","R2L","FFFFFF","25","ä¸ºä»€ä¹ˆè´žå­è¦ä»Žç”µè§†æœºé‡Œçˆ¬å‡ºæ¥","1562299982","834df3d9"
"581","194.939","R2L","00A0EA","25","å˜¤å˜¤å˜¤","1516773948","3465936b"
"582","194.307","R2L","FFFFFF","25","è´žå­æ˜Žæ˜Žæ˜¯å¤è”çš„","1512562963","3eb9032"
"583","198.856","R2L","FFFFFF","25","äººå‘¢","1512377599","1bb1b221"
"584","198.793","R2L","FFFFFF","25","è€ƒæ­»äº†è§£ä¸€ä¸‹","1530118908","38b47df7"
"585","197.241","R2L","E70012","25","å…¶å®žè´žå­æ˜¯ä»²é—´ç”±çºªæƒ ","1512456001","53cb643b"
"586","197.729","R2L","FFFFFF","25","é˜”æ€•","1512392829","c19c574c"
"587","196.266","TOP","FFFFFF","25","@æ•¬æ±‰å¿","1512385760","e5231478"
"588","196.38","R2L","FFFFFF","25","äººä¸åšä¸ä¼šæ­»","1531724694","99dc3ce2"
"589","197.721","R2L","FFFFFF","25","å½“ç„¶è¦ä¸€èµ·çœ‹å‘€ï¼Œæ€Žä¹ˆèƒ½ä¸€ä¸ªäººç‹¬äº«èµ„æº","1518170632","b92d9930"
"590","197.588","TOP","FEF102","25","ç¥žâ™‚ç§˜çš„å½•åƒå¸¦","1553993530","64ee93ad"
"591","198.177","R2L","FFFFFF","25","å¦‚æžœå˜æˆç”µè§†ç›´æ’­å…¨æ—¥æœ¬éƒ½çœ‹äº†å½•åƒã€‚ã€‚ã€‚","1512388158","ed74c41f"
"592","197.421","R2L","E70012","25","é¸¡ä½ å¤ªç¾Žï¼","1564478690","3faf51d1"
"593","199.317","TOP","FFFFFF","25","ä¸€é¦–å‡‰å‡‰é€ç»™ä½ ","1513702950","3440a576"
"594","193.645","R2L","FFFFFF","25","äº”ä¸ªå™¨å®˜","1512387953","4fb8c495"
"595","190.658","R2L","FFFFFF","25","å¤ªç¾Žäº†","1532486720","cd1d3e25"
"596","189.695","TOP","FFFFFF","25","ä¸ä½œä¸æ­»","1512378718","ce1e560"
"597","190.952","R2L","FFFFFF","25","æ‚¨çš„ä½œæ­»è®°è€…å·²ä¸Šçº¿","1527145236","10f4d749"
"598","188.905","R2L","FFFFFF","25","è¿™ä¸ªå¥½æ¼‚äº®","1523185683","381276ca"
"599","194.125","R2L","FFFFFF","25","NBå…‹æ‹‰æ–¯","1519966089","fc07bfff"
"600","191.97","R2L","FFFFFF","25","ææ€–ç”µå½±é‡Œé¢ä¸ä¿¡é¬¼ç¥žçš„ä¸€èˆ¬éƒ½ä¼šå€’éœ‰","1518008077","e06544ac"
"601","192.021","R2L","FFFFFF","25","ç»¿å­—ä½ æ˜¯è„‘å­ä¸å¤ªå¥½ç”¨å—ï¼Ÿ","1518002596","651db729"
"602","190.721","R2L","FFFFFF","25","ä¸ä½œæ­»å°±ä¸ä¼šæ­»","1512621934","77a000cf"
"603","187.046","R2L","FFFFFF","25","å¼¹å¹•ï¼Ÿ","1512380980","7d2ecc3a"
"604","185.306","R2L","FFFFFF","25","äº”å®˜","1512385376","b4fe911"
"605","188.48","R2L","FFFFFF","25","å¼¹å¹•æŠ¤ä½“ï¼ï¼ï¼ï¼ï¼ï¼ï¼ï¼ï¼ï¼ï¼ï¼ï¼ï¼ï¼ï¼","1512399742","41338de4"
"606","186.6","R2L","009843","25","è°çš„å™¨å®˜ä¸æ˜¯æ‰­æ›²çš„?ä½ å¤§è‚ æ•´æ•´é½é½ä¸€åˆ—ä¸€åˆ—æŽ’ç€å—?","1512455973","53cb643b"
"607","188.179","R2L","FFFFFF","25","ä½œæ­»","1513528298","92ac3466"
"608","187.141","R2L","FFFFFF","25","å™¨å®˜æœ‰ä»€ä¹ˆæ¯›ç—…ï¼Ÿ","1512546620","34a77df9"
"609","185.756","R2L","FFFFFF","25","å•èº«ä¹…äº†çœ‹ä»€ä¹ˆéƒ½ä¸€æ ·","1523008598","577686ec"
"610","184.072","R2L","00FF00","25","äº”å®˜ä¹Ÿå±žå™¨å®˜","1512386365","3451e434"
"611","177.636","R2L","FFFFFF","25","å¼ éœ‡è®²æ•…äº‹å¥½åƒè¯´è¿‡","1523004768","ce035ccf"
"612","179.372","R2L","FFFFFF","25","é‚£å°±çœ‹ç”µè„‘å‘—","1512400214","c82edde"
"613","179.728","TOP","FFFFFF","25","è„¸ä¸Šçš„å™¨å®˜ï¼Ÿï¼Ÿ","1512384158","c9ed364f"
"614","177.794","R2L","FFFFFF","25","å¯èƒ½åªæ˜¯æ‹ç³Šäº†","1563717785","3537a3c6"
"615","174.421","R2L","FFFFFF","25","æˆ‘å±…ç„¶å…¨ç¨‹å°±åœ¨è§‚å¯Ÿå¥¹ä»¬çš„ç¾Žâ€¦â€¦","1525280902","553721ea"
"616","173.478","R2L","FFFFFF","25","ä¸èƒ½çœ‹ç”µè§†ï¼Ÿ","1512377569","1bb1b221"
"617","174.257","R2L","FFFFFF","25","å¥½å¥‡å¿ƒèƒ½æ€æ­»ä»»ä½•äºº","1514542386","4f1f9a43"
"618","175.701","R2L","FFFFFF","25","è­¦å¯Ÿå”å”é‚£ï¼Ÿ","1545173243","483af51"
"619","168.856","TOP","F0AB2A","25","åˆå¤œèƒ¸çµé‚£ä¸ªä½ å‡ºæ¥ï¼Œæˆ‘ä¿è¯ä¸æ‰“æ­»ä½ 233","1518575948","45828a6f"
"620","167.93","R2L","FFFFFF","25","çŽ‹ç¥–è´¤ï¼Ÿ","1512896480","b2282495"
"621","171.059","R2L","FFFFFF","25","é‚£ç”µè„‘å¯ä¸å¯ä»¥","1513591255","d84a7350"
"622","167.6","R2L","FFFFFF","25","å¼¹å¹•æŠ¤ä½“","1531724666","99dc3ce2"
"623","170.109","R2L","FFFFFF","25","qwqå¼¹å¹•å‘ï¼æœ‰ç‚¹æ€•","1512379388","bfe811b8"
"624","166.52","R2L","FFFFFF","25","ä¸ƒæ—¥ä¹‹åŽï¼Œå¿…æ­»æ— ç–‘","1520261360","b6cabeda"
"625","170.875","R2L","FFFFFF","25","6666","1523185665","381276ca"
"626","161.18","R2L","E70012","25","è¦æ˜¯è´žå­æ™šä¸Šæ‰¾æˆ‘æ¥ï¼Œå“¼å“¼ï¼Œä½ å°±ç»™æˆ‘ç­‰ç€å§","1564478629","3faf51d1"
"627","163.121","R2L","FFFFFF","25","bgm å¦‚æžœèœ—ç‰›æœ‰çˆ±æƒ…é…ä¹ æŽ¨ç†","1526397788","49d6794b"
"628","162.005","R2L","FFFFFF","25","åˆå¤œèƒ¸çµä¹‹ç²¾å­ç¼ èº«","1513415209","494a0e20"
"629","159.232","R2L","FFFFFF","25","1998å¹´çš„å¦¹å­æžœç„¶æ¼‚äº®","1512648078","5443d075"
"630","156.249","R2L","FFFFFF","25","å±±æ‘è´žå­","1562299943","834df3d9"
"631","156.228","R2L","FF0000","25","åŽŸè‘—é‡Œè´žå­æ˜¯åŒæ€§äººï¼Œè€Œä¸”æ˜¯ç—…æ¯’","1531660490","b312795"
"632","156.84","R2L","FFFFFF","25","ä¸‰ä½“é‡Œçš„æ™ºå­ä¸æ˜¯ç²’å­å—","1515222440","f5ae923f"
"633","152.074","R2L","FFFFFF","25","æˆ‘å¾ç’ˆå¼¹å¹•æŠ¤ä½“  å¼¹å¹•å‘¢","1514434987","3e9686a4"
"634","152.686","R2L","FFFFFF","25","å¼¹å¹•æŠ¤ä½“","1512382771","ceeb712"
"635","153.901","R2L","FFFFFF","25","é˜³ä¸€è·Ÿè´žå­çžªçœ¼çŽ©","1512749186","997c0cc4"
"636","144.34","R2L","FFFFFF","25","äººæ²¡æœ‰é‚£ä¹ˆå®¹æ˜“è¢«å“æ­»","1512569477","cd73b1bd"
"637","146.976","R2L","FFFF00","25","è¿™é‡Œé¢ç¾Žå¥³è¿˜æ˜¯æŒºå¤šçš„","1512385883","c0d05b64"
"638","144.795","R2L","FFFFFF","25","å¥½ç¾Ž","1532486674","cd1d3e25"
"639","145.3","R2L","FFFFFF","25","å¸¦å„¿å­è¿˜","1512389570","13f4b856"
"640","147.462","R2L","FFFFFF","25","å¼¹å¹•å‘¢","1513335704","8d8bb3f6"
"641","147.399","R2L","FFFFFF","25","ä¸œåŒ—å¤§æ¦›å­","1512567125","c7f2f065"
"642","146.14","R2L","FFFFFF","25","è´žå­ï¼Œå…¶å®žæ˜¯ç—…æ¯’","1528979062","d2afa87c"
"643","144.433","R2L","FFFFFF","25","ä½ ä»¬éƒ½çœ‹è¿‡ã€‚","1512569391","90df899e"
"644","149.619","R2L","FFFFFF","25","æ¾å²›èœèœå­å¥½ç¾Ž","1514200657","c990f9bf"
"645","149.274","R2L","FFFFFF","25","è´žå­å¤§é•¿è…¿","1515426138","21efbcba"
"646","148.781","R2L","009843","25","æ™ºå­æ˜¯æ´¾æ¥åœ°çƒæ€å…‰åœ°çƒäººçš„â€¦â€¦","1512455844","53cb643b"
"647","145.469","R2L","FFFFFF","25","æ—¥æœ¬çš„é¬¼æœ€ä¸è®²é“ç†","1516842659","2223461"
"648","143.061","R2L","FFFFFF","25","SCPæ¥æ”¶å®¹ä¸€ä¸‹â€™","1560614216","15f75b36"
"649","141.684","R2L","FFFFFF","25","æˆ‘æ²¡æœ‰æ‰‹æœºzz","1543526712","fa9a5053"
"650","140.44","R2L","FEF102","25","çœ‹åˆ°å½•åƒå¸¦çš„åªèƒ½æ´»åˆ°2199å¹´ï¼Œå¥½å¯æ€•!","1512455810","53cb643b"
"651","141.629","R2L","FFFFFF","25","äººæ°‘çš„è´žå­","1565945435","478d516"
"652","139.7","R2L","FFFFFF","25","æˆ‘çœ‹è¿‡è´žå­çš„æœ¬å­ï¼ˆà²¡Ï‰à²¡) ","1512386346","35251efb"
"653","141.32","R2L","FFFFFF","25","æ¼‚äº®å•Š","1537696904","a71e4c78"
"654","139.643","R2L","FFFFFF","25","æ€•","1514616782","6c76b00"
"655","139.805","R2L","E2027F","25","è´žå­","1518674352","61b19a80"
"656","141.718","R2L","FFFFFF","25","å°¸é¬¼å°å°½","1565679317","9226c2c2"
"657","141.154","R2L","FFFFFF","25","æ¾å²›èœèœå­","1514107825","2a7a9b19"
"658","143.955","R2L","FFFFFF","25","æˆ‘åªæ•¢å¬å£°éŸ³ï¼Œä¸æ•¢çœ‹ç”»é¢","1557515380","40e09e43"
"659","142.734","R2L","FFFFFF","25","å¼¹å¹•å‘¢","1545530765","cdb16dfc"
"660","143.443","BOTTOM","FF0000","25","è¿˜æœ‰ä¸€ä¸ªäºº  ä½ å¥½","1521188798","7a1ef086"
"661","142.25","R2L","FFFFFF","25","æ¾å²›èŽ±èŽ±å­ï¼Ÿ","1512382109","a6f1641f"
"662","139.534","R2L","FFFFFF","25","ä¸å“äºº  è¿™ä¸ª","1513387948","42322acc"
"663","137.937","R2L","FFFFFF","25","åˆå¤œå‡¶é“ƒâ€¦â€¦çœ‹å®Œå°è¯´çš„è¡¨ç¤ºâ€¦â€¦è¿™æ˜¯ç§‘å¹»ç‰‡â€¦â€¦","1512450791","14a704d9"
"664","136.701","TOP","FFFFFF","25","å§å§æˆ‘æƒ³è¦é‚£ä¸ªï¼Œè¯ºï¼Œä¸‹ä¸ä¸ºä¾‹","1512392326","fbf35dd6"
"665","134.374","R2L","FFFFFF","25","æ‰¿åŒ…èœèœå­","1512392481","729c5afc"
"666","138.558","R2L","FFFFFF","25","è´žå­æ˜¯åŽ•æ‰€çš„é‚£ä¸ªå§..","1533020421","f398d5fc"
"667","135.105","R2L","FFFFFF","25","è‚¾ä¸Šè…ºç´ æžé€Ÿå¢žåŠ ï¼Œå¿ƒè„éª¤åœ","1512426062","58d7e11c"
"668","135.256","R2L","FFFFFF","25","å¥½å¸…","1512802714","912d273b"
"669","133.747","R2L","CC0273","25","å°è¯´é‡Œæµ…å·æ˜¯ç”·çš„","1558682415","f92d5e3c"
"670","136.547","R2L","FFFFFF","25","å‰‹","1538636114","ea16acde"
"671","134.354","R2L","FFFFFF","25","å¥½æ¼‚äº®","1512566507","3686e82b"
"672","133.571","R2L","FFFFFF","25","å¥³ç¥ž","1512543122","79df5a21"
"673","130.878","R2L","E70012","25","ä½ è¿˜æœ‰ä¸€ä¸ªæ˜ŸæœŸçš„ç”Ÿå‘½å¥½å¥½äº«å—å§","1521715713","25817ee"
"674","129.129","TOP","FFFFFF","25","è€å­å°±ä¸æ€•ï¼Œå› ä¸ºæˆ‘å®¶åº§æœºéƒ½æ‹†äº†","1512997462","dea1427b"
"675","131.008","R2L","FFFFFF","25","å¼¹å¹•æŠ¤ä½“å¿…é¡»çš„","1514434966","3e9686a4"
"676","129.082","R2L","FFFFFF","25","è¿™ç§é¬¼ä¹Ÿå°±åœ¨æ—¥æœ¬ï¼Œæœ‰èƒ½è€æ¥å¤©å¸ˆåºœï¼Œä¿è¯ç”¨é›·åŠˆæ­»å®ƒ","1515499465","346ab04b"
"677","129.449","R2L","FFFFFF","25","æ¼å°¿","1512387991","4fb8c495"
"678","129.018","R2L","E70012","25","è®°è€…æ˜¯æ¾å²›èœèœå­è¯¶","1540725567","36954e9e"
"679","124.021","R2L","FFFFFF","25","è¿™éƒ¨ç”µå½±ä¸è¿‡æ˜¯å¿ƒç†æš—ç¤ºè¿ç”¨çš„å¾ˆå¥½ç½¢äº†","1518529358","1badf3de"
"680","122.286","R2L","FFFFFF","25","å¥½ç¾Žå•Š","1548504194","683b8af4"
"681","123.683","R2L","FFFFFF","25","å¥³ä¸»","1562299911","834df3d9"
"682","127.1","R2L","FEF102","25","åç”ºå«‚","1512455750","53cb643b"
"683","126.981","R2L","FFFFFF","25","å¿ƒè„é¡¿æ—¶åœæ­¢","1512380236","be1a6f6"
"684","124.498","R2L","FFFFFF","25","å¼¹å¹•æŠ¤ä½“","1527145169","10f4d749"
"685","124.677","R2L","FFFFFF","25","å¥³æ¼”å‘˜éƒ½å¥½ç¾Žï¼Œè¿™æ ¹æœ¬ä¸ææ€–","1513589796","b27d0541"
"686","125.378","R2L","FFFFFF","25","èœèœå­","1566727842","7d9b02de"
"687","125.159","R2L","FFFFFF","25","è¡¨ç¤º11å²çœ‹è¿‡è¿™ä¸ªç‰ˆæœ¬ï¼Œä»Šå¹´17ï¼Œ","1520261303","b6cabeda"
"688","125.204","R2L","FFFFFF","25","å“æ­»å°±æ˜¯è‚¾ä¸Šè…ºæ¿€ç´ åˆ†æ³Œè¿‡å¤šç„¶åŽå°±ã€‚ã€‚ã€‚æŒ‚äº†","1512385166","1839b80"
"689","116.668","R2L","FFFFFF","25","å†è¿‡å‡ å¹´å°±ä¸å®³æ€•äº†ï¼Œå› ä¸ºç”µè¯éƒ½æ²¡äº†","1512566489","3686e82b"
"690","120.466","R2L","FFFFFF","25","æ”¾å¼€è¿™äº›å¦¹å­è®©æˆ‘æ¥","1512873315","2ed4b238"
"691","120.34","R2L","FFFFFF","25","å…¶å®žæ˜¯ä¸ªæ­»äºŽå¤©èŠ±ç—…æ¯’ï¼Œçœ‹äº†å½•åƒå¸¦ç—…æ¯’ä¼šè¿›åŽ»èº«ä½“ä¸€æ˜ŸæœŸç—…å‘","1543630002","f92d5e3c"
"692","120.49","R2L","FFFFFF","25","ä¸ç”¨å¼¹å¹•æŠ¤ä½“äº†  åˆå¤œå‡¶é“ƒæ²¡æœ‰å¯æ€•çš„é•œå¤´  çœŸæ­£å“äººçš„æ˜¯æ°”æ°›","1512407050","10439390"
"693","120.957","R2L","FFFFFF","25","å“â€¦â€¦å“æ­»çš„","1538459390","b312ff60"
"694","118.942","R2L","FFFFFF","25","å“","1526442617","70170db8"
"695","118.205","R2L","FFFFFF","25","ã€‚ã€‚ã€‚ç¬¬ä¸‰ä¸ªäººåœ¨è¿™","1520671887","fdb82bff"
"696","120.746","R2L","FFFFFF","25","å†¬æœˆè€å¸ˆï¼Œä½ æ€Žä¹ˆæ”¹è¡Œäº†","1516789209","18253f77"
"697","117.4","R2L","FFFFFF","25","è¿™ç‰‡å’ŒåŒå­¦ä¸€èµ·çœ‹çš„ï¼Œæœ‰äº›è¡¨æƒ…çœŸçš„å¥½ç¬‘","1524281608","ac893bdd"
"698","115.475","TOP","FFFFFF","25","å¼¹å¹•æŠ¤ä½“","1512378742","ce1e560"
"699","113.98","R2L","E70012","25","ç±³è¥¿ç±³è¥¿ï¼Œæ»‘ä¸æ‹‰å‰ï¼Œå¦‚æžœä½ ä¸æ‹‰ç¨€ï¼Œæˆ‘å°±ä¸èƒ½ç±³è¥¿","1564478562","3faf51d1"
"700","115.081","R2L","E70012","25","å¼¹å¹•hå‘èµ·æ¥","1518495811","fa6863c0"
"701","114.541","R2L","FFFFFF","25","åˆå¤œå‡¶é“ƒçš„éŸ³æ•ˆçœŸçš„åŠ åˆ†äº†","1529227946","6d76fddf"
"702","113.831","R2L","FFFFFF","25","å¼¹å¹•æŠ¤ä½“","1512382656","ceeb712"
"703","113.608","R2L","FFFFFF","25","å¼¹å¹•å‘¢","1512794355","8ca101e3"
"704","107.242","TOP","FFFFFF","25","ç„¶åŽçˆ¸å¦ˆæ•²é—¨å›žæ¥äº†ï¼Œè°çŸ¥éš”å¤©æŠ¥çº¸çœ‹è§çˆ¸å¦ˆè½¦ç¥¸äº†","1512387583","cb365008"
"705","109.712","R2L","FFFFFF","25","è¿˜å¥½çŽ°åœ¨æ²¡ç”µè¯äº†","1527849926","19ee292d"
"706","108.841","R2L","FFFFFF","25","å·¥å£","1512795477","53c88e6e"
"707","106.282","R2L","FFFFFF","25","å¯å¸¦åŠ²äº†","1527145151","10f4d749"
"708","106.553","R2L","FFFFFF","25","æ‘©è¥¿æ‘©è¥¿","1512382443","294f2a13"
"709","109.687","R2L","FFFFFF","25","å“æ­»æ˜¯ä¸€ç§æ€Žæ ·çš„ä½“éªŒ","1512380349","ada0a6f0"
"710","105.235","R2L","FFFFFF","25","é¬¼æ¥ç”µ?","1533538623","11dd30f"
"711","103.546","R2L","FFFFFF","25","ä¸ä½œæ­»ï¼Œå°±æ˜¯ä¸ä¼šæ­»","1513076008","d64f218b"
"712","102.22","R2L","FFFFFF","25","æ²¡å¼¹å¹•æ²¡å®‰å…¨æ„Ÿ","1512377484","1bb1b221"
"713","100.335","R2L","FFFFFF","25","æƒŠå£°å°–ç¬‘","1512436364","fac36baf"
"714","104.25","TOP","FEF102","25","æ‚¨å¥½è¿™é‡Œæ˜¯ä¸­å›½ç§»åŠ¨è¯è´¹æµé‡æŸ¥è¯¢ç›´é€šè½¦","1513647872","5d9cfadf"
"715","103.168","R2L","FFFFFF","25","æˆ‘è§‰å¾—é¬¼æ¥ç”µç³»åˆ—éƒ½å¾ˆå¥½","1525557593","b164397d"
"716","101.024","R2L","E70012","25","çœ‹ç€é“ƒå£°ï¼Ÿ","1513480528","7bb26214"
"717","97.581","R2L","FFFFFF","25","çœ‹ç€è¯¡å¼‚çš„ç”µè¯é“ƒå£°ï¼Ÿæœ‰è¯­ç—…ï¼Œè¿™æ˜¯ç—…å¥","1512381704","b2464f4d"
"718","96.897","R2L","FFFFFF","25","å“¦å¼å¼å¼","1562299884","834df3d9"
"719","98.24","BOTTOM","CC0000","25","æœ‰ä¸‰ä¸ªäººåœ¨è·Ÿæˆ‘çœ‹....","1516515469","d18361f4"
"720","99.74","R2L","FEF102","25","ä½ å¥½ï¼Œæˆ‘æ˜¯å·¥å•†é“¶è¡Œç”µè¯è®¿é—®å·¥å·9527â€¦â€¦","1512455589","53cb643b"
"721","92.712","R2L","FFFFFF","25","å¼ éœ‡è®²é¬¼æ•…äº‹çš„åˆå¤œé“ƒéŸ³","1526438612","4261bbec"
"722","92.117","R2L","FFFFFF","25","è¯´è¯å•Š","1564669113","82153231"
"723","91.579","R2L","FFFFFF","25","ä¸ä½œä¸æ­»","1512396614","73bf91a9"
"724","93.934","R2L","FFFFFF","25","æ±‚é«˜èƒ½å›","1515152574","66e78d9"
"725","93.641","R2L","FFFFFF","25","ä¸ƒæ—¥æ€","1519223684","ec8b4c5a"
"726","91.319","R2L","E70012","25","å¥½å¥½çœ‹","1533371272","cc285f91"
"727","83.341","R2L","FFFFFF","25","ææ€–æ¸¸è½®bgm","1512379206","a0ace616"
"728","84.604","R2L","FFFFFF","25","å‰æ–¹ç™¾åˆ","1536988326","5fb2203d"
"729","88.72","TOP","E70012","25","seven days","1518765783","9035eefa"
"730","79.219","R2L","FFFFFF","25","ææ€–æ¸¸è½®çš„BGMï¼Ÿ","1515410540","361efc24"
"731","82.116","R2L","FFFFFF","25","å¥¹åœ¨ç‹‚ç¬‘","1562299869","834df3d9"
"732","78.979","R2L","FFFFFF","25","ç«¹å†…ç»“å­æˆ‘å¥³ç¥žé˜¿é˜¿é˜¿å•Šå•Šæˆ‘è¦å«ç»™å¥¹ï¼ï¼ï¼","1534391366","ade82dee"
"733","83.131","R2L","FFFFFF","25","æƒŠå£°å°–ç¬‘3","1513415130","494a0e20"
"734","79.441","R2L","FFFFFF","25","æ—¥éŸ©ææ€–ç‰‡æ€»æ˜¯ä¸ç¼ºç¾Žå¥³","1512543067","79df5a21"
"735","81.334","R2L","FFFFFF","25","ç«¹å†…ç»“å­è¿™æ—¶å€™å¥½åƒ15å²","1512562655","3eb9032"
"736","81.205","R2L","FFFFFF","25","ææ€–æ¸¸è½®çš„bgmï¼","1545555782","6ee06e67"
"737","73.24","R2L","FEF102","25","å‘å¼Ÿ","1512455503","53cb643b"
"738","75.138","R2L","FFFFFF","25","è¿™æ˜¯ç»“å­å§å§ï¼Ÿå¥½å«©å•Šï¼èµ›é«˜","1533826942","8850ed1b"
"739","76.393","R2L","FFFFFF","25","ç«¹å†…é¡ºå­ï¼ˆæ»‘ç¨½ï¼‰","1519376477","4830236b"
"740","74.641","R2L","FFFFFF","25","çš„ç¡®ä¹Ÿæ˜¯å¯¼æ¼”å®‰æŽ’çš„","1518170495","b92d9930"
"741","76.964","R2L","FFFFFF","25","é…æ¨‚çš„å¯æ˜¯å·äº•æ†²æ¬¡å¤§ç¥žã€‚","1517822370","6b6c2c96"
"742","73.586","R2L","FFFF00","25","å¯æƒœè¿™é‡Œé¢æ²¡æœ‰é‡‘å‘ç¾Žå¥³","1512385810","c0d05b64"
"743","67.684","R2L","FFFFFF","25","åˆšçœ‹åˆ°è¿™é‡Œæˆ‘çš„ç”µè¯å“äº† å“ä¸€è·³","1512379672","a231924f"
"744","71.381","TOP","FFFFFF","25","ç«¹å†…ç»“å­å•Šï¼","1512382803","18083343"
"745","68.436","R2L","FFFFFF","25","æˆ‘çœ‹çš„åŽŸç‰ˆ","1519791325","c59ba4c5"
"746","70.413","R2L","CC0273","25","ç‰©ä¸šå‡¶é“ƒçš„å¤Ÿå•¦ï¼ hhhhh","1558682338","f92d5e3c"
"747","66.655","R2L","FFFFFF","25","6666666","1512378073","9a21dd5"
"748","70.481","R2L","FFFFFF","25","ç‰©ä¸šèƒ¸é¢†","1512795440","53c88e6e"
"749","69.422","R2L","FFFFFF","25","14å²çš„æˆ‘å°±çœ‹","1552991966","3e43ea3b"
"750","69.62","TOP","FF0000","25","çœ‹äº†æƒŠå£°å°–ç¬‘ä¹‹åŽä¸€ç‚¹éƒ½ä¸è§‰å¾—ææ€–ï¼Œç”šè‡³è¿˜æƒ³ç¬‘â€¦â€¦","1512984943","daad4555"
"751","61.075","R2L","FFFFFF","25","1","1561121014","ad5da388"
"752","64.98","R2L","FFFFFF","25","çŽ°åœ¨çš„æ˜¯åˆ å‡ç‰ˆç‰ˆçš„","1526438508","4261bbec"
"753","65.751","R2L","FFFFFF","25","3ä¸ªäºº..","1516515437","d18361f4"
"754","61.499","R2L","FFFFFF","25","ç‰©ä¸šå‡¶é“ƒï¼Œç¬‘æ­»","1512390685","d0c2d1dc"
"755","64.907","R2L","E70012","25","è¿™å¥³å­©å­é•¿å¾—å¥½åƒå°ç”°åˆ‡è®©","1540725486","36954e9e"
"756","61.949","R2L","FFFFFF","25","æˆ‘è¿˜æ²¡æœ‰18å²","1518058836","ab34d917"
"757","63.483","R2L","FFFFFF","25","å¥½ææ€–çš„BGM","1512382400","294f2a13"
"758","59.298","R2L","FFFFFF","25","æ€¥æ€¥å¦‚å¾‹ä»¤","1562299846","834df3d9"
"759","57.427","R2L","FFFFFF","25","æ¾å²›èœèœå­å¥³ç¥žå•Š","1513010770","660b042d"
"760","58.348","R2L","FFFFFF","25","ä¸€èµ·ä¸€èµ·","1512397089","236352ea"
"761","59.419","R2L","FFFFFF","25","è¯¸å›ï¼Œæˆ‘æœ‰ä¸ªå¤§èƒ†çš„æƒ³æ³•","1512390488","5c352d67"
"762","58.529","R2L","FFFFFF","25","1","1546228753","a1aa8954"
"763","59.741","R2L","FFFFFF","25","98å¹´æ—¥æœ¬çš„ç”µè§†è¿˜è¿™ä¹ˆlow","1512447738","43b1cc9"
"764","58.285","R2L","FFFFFF","25","1","1548587984","79087499"
"765","58.556","R2L","FFFFFF","25","ä¸ºä»€ä¹ˆæ²¡æœ‰äººè¯´è¯çš„å£°éŸ³ åªæœ‰èƒŒæ™¯éŸ³ä¹è·Ÿå­—å¹•","1512545344","9b36d81d"
"766","60.718","R2L","FFFFFF","25","1","1535641116","798c2d73"
"767","56.08","R2L","E70012","25","ç‰©ä¸šå‡¶é“ƒå“ˆå“ˆå“ˆå“ˆ","1512393845","6b1cd7d5"
"768","57.779","R2L","E70012","25","ç‰©ä¸š:å¼€é—¨å¼€é—¨ï¼Œç¤¾åŒºé€æ¸©æš–","1512393847","6b1cd7d5"
"769","50.517","R2L","FFFFFF","25","bgmææ€–","1512380909","7e1e5d8a"
"770","50.046","TOP","FFFFFF","25","æ²¡åˆ°18å²çš„æ‰“1","1512383979","b495e0d1"
"771","54.721","R2L","E70012","25","1","1534655280","f9fa6e65"
"772","54.061","R2L","FFFFFF","25","çœ‹è¿‡  çŽ°åœ¨æ²¡æ„Ÿè§‰äº†","1512384433","6ced2f9b"
"773","52.615","R2L","FFFFFF","25","çªç„¶å®³æ€•","1513307225","144b6adc"
"774","54.421","R2L","FFFFFF","25","1","1519881412","50349264"
"775","51.383","R2L","FFFFFF","25","è¿™ç§é¬¼ä¹Ÿå°±åœ¨æ—¥æœ¬ï¼Œæœ‰èƒ½è€æ¥å¤©å¸ˆåºœï¼Œä¿è¯ç”¨é›·åŠˆæ­»å®ƒ","1515499513","346ab04b"
"776","52.089","R2L","FFFFFF","25","æˆ‘çœ‹åˆå¤œå‡¶é“ƒçš„æ˜¯ç¾Žå›½ç‰ˆçš„ã€‚ã€‚ã€‚","1512473768","b6cfe16b"
"777","50.283","R2L","FFFFFF","25","3","1516515422","d18361f4"
"778","54.581","R2L","E70012","25","å¼¹å¹•æŠ¤ä½“","1518495741","fa6863c0"
"779","52.889","R2L","FFFFFF","25","æˆ‘å®³æ€•","1512396131","89beb38a"
"780","51.723","R2L","FFFFFF","25","æœ‰é«˜èƒ½å—","1531475426","235d2350"
"781","51.33","R2L","FFFFFF","25","ç«¹å†…ç»“å­","1512397427","da6bf9bf"
"782","55.303","R2L","FFFFFF","25","æŠŠç”µè§†å…³äº†2333333","1512379169","59b006c0"
"783","50.883","R2L","FFFFFF","25","å·å·æ‰¿åŒ…ç©ºå±","1512385641","87f22e57"
"784","49.297","R2L","FFFFFF","25","æœ‰ç‚¹æ€•å•Š","1513329310","36a35876"
"785","47.124","R2L","FFFFFF","25","103","1547347208","e66cacf3"
"786","47.819","R2L","E70012","25","è¿½ç•ªè¿½å¤šäº†å¯¹æ—¥è¯­éƒ½æ²¡ä»€ä¹ˆå¼‚æ ·çš„æ„Ÿè§‰äº†(=_=)","1531656154","d51647bb"
"787","44.906","R2L","FFFFFF","25","@ä¸‰ä½“ï¼Œï¼Œä½ ä»¬çš„æœºå™¨äººè·‘é”™ç‰‡åœºäº†","1512390384","3627a143"
"788","48.912","R2L","FFFFFF","25","å¼¹å¹•æŠ¤ä½“","1512382608","ceeb712"
"789","49.059","R2L","FFFFFF","25","æ™ºæ ‘æ€§è½¬å°±å«æ™ºå­","1512388769","dca32968"
"790","48.85","R2L","FFFFFF","25","å¼¹å¹•æŠ¤ä½“","1519287689","4322033e"
"791","48.712","R2L","FFFFFF","25","æˆ‘çœ‹è¿‡é‚£ä¸ªã€ŠæŠ¥å‘Šè€æ¿ã€‹è´žå­æŠ—æ—¥....","1512724869","bb56c8ac"
"792","46.317","R2L","FFFFFF","25","17å²åŠçš„æˆ‘  ç‘Ÿç‘Ÿå‘æŠ–","1512489802","b75cfe63"
"793","46.164","R2L","FFFFFF","25","æœ‰æ²¡æœ‰æŠ¤çœ¼","1513744585","236ce015"
"794","48.358","TOP","FFFFFF","25","æ­£å¸¸äººçœ‹è´žå­éƒ½æ˜¯å…ˆçœ‹å‰é¢å¥½å§","1512387437","cb365008"
"795","43.732","R2L","FFFFFF","25","13","1550475262","c213b209"
"796","43.256","R2L","FFFFFF","25","æ™ºå­ï¼","1531459201","c6567da8"
"797","40.759","R2L","FFFFFF","25","çœ‹è¿‡å™¢","1512386261","cb43b0ed"
"798","42.864","R2L","FFFFFF","25","13å²ç»è¿‡","1525782154","556ddab0"
"799","41.799","R2L","FFFFFF","25","ç¾Žç¾ŽåŠ æ™ºå­ç­‰äºŽç¾Žæ™ºå­ï¼Ÿï¼Ÿï¼Ÿå¤§é‡Žæ™ºï¼Ÿï¼Ÿã€‚","1512894070","2b490028"
"800","40.13","R2L","FFFFFF","25","çœ‹åˆ°æ™ºå­åªæƒ³åˆ°ä¸‰ä½“çš„æˆ‘è§‰å¾—ä½ ä»¬å¥½å¯æ€œâ€¦â€¦","1512490657","6a0c91e"
"801","39.853","R2L","FFFFFF","25","99","1547347200","e66cacf3"
"802","41.414","R2L","FFFFFF","25","æˆ‘3å²","1534398149","abc9d5ae"
"803","38.08","R2L","FFFFFF","25","åŽŸç‰ˆå°è¯´å…¶å®žæ˜¯ä¸€ä¸ªç±»ä¼¼é»‘å®¢å¸å›½çš„æ•…äº‹ï¼Œç¡¬ç”Ÿç”Ÿç»™æ•´æˆçµå¼‚äº†ã€‚","1512445008","e3135910"
"804","36.42","R2L","FEF102","25","æ™ºå­!?ä¸‰ä½“ç»Ÿæ²»ä¹‹æ—¥ä¸è¿œçŸ£!","1512455460","53cb643b"
"805","35.686","R2L","FFFFFF","25","æ™ºå­ä¼šå®³æ€•ï¼Ÿä½ æ€•æ˜¯çŸ³ä¹å¿—å“¦","1520687978","7953671a"
"806","35.271","R2L","FFFFFF","25","å•èº«30å¹´ï¼Œé¬¼è€å­éƒ½ä¸æ”¾è¿‡å°±æ˜¯é‡å£å’‹çš„","1512873218","2ed4b238"
"807","36.019","R2L","FFFFFF","25","ä¸‰ä½“ã€‚ã€‚ã€‚","1513415705","50a9ec34"
"808","37.065","R2L","FFFFFF","25","æ™ºå­ï¼Ÿ","1513480754","7bb26214"
"809","37.019","R2L","FFFFFF","25","12å‘µå‘µ","1522460663","b8137f0a"
"810","35.999","R2L","FFFFFF","25","å°å­¦ç”Ÿå¤ªå¤š","1518967443","9643f2f"
"811","37.693","R2L","FFFFFF","25","15","1512380969","a08d2f52"
"812","34.946","R2L","FFFFFF","25","11","1518688295","aa9979c"
"813","38.821","R2L","FFFFFF","25","æ™ºå­  å—¯   å®Œå…¨ä¸æ…Œ","1512380715","e57018f6"
"814","33.763","R2L","FFFFFF","25","15","1540020942","984a10fc"
"815","34.598","R2L","FFFFFF","25","13","1532656439","35173902"
"816","36.304","R2L","00A0EA","25","æ™ºå­ï¼Ÿï¼Ÿï¼Ÿï¼ˆå¤§é‡Žæ™ºé—®å·è„¸ï¼‰","1512385370","b221e76f"
"817","37.721","R2L","FFFFFF","25","13","1534948994","707384b4"
"818","33.589","R2L","FFFFFF","25","æˆ‘ç»å¯¹åˆå¤œå‡¶é“ƒæ²¡æœ‰å’’æ€¨ææ€–å“Ž","1514552661","44b87dab"
"819","37.019","R2L","E70012","25","å› ä¸ºå®³æ€•ï¼Œæ‰€ä»¥ä¸€ä¸ªäººåœ¨å®¶é‡Œçœ‹ææ€–ç‰‡","1533371209","cc285f91"
"820","36.32","R2L","FFFFFF","25","1","1518075278","ddbe243e"
"821","35.888","R2L","FFFFFF","25","17æŠ¥é“","1518018668","a23de9e7"
"822","37.598","R2L","FFFFFF","25","æ²¡æ„Ÿè§‰æ€Žä¹ˆç»å…¸ï¼Œä¸€èˆ¬èˆ¬å§","1514763291","3196381d"
"823","33.34","R2L","FFFFFF","25","14","1516357269","c5404692"
"824","37.68","R2L","FFFFFF","25","æ™ºå­?ä¸‰ä½“äºº?","1516500891","adcd6fe5"
"825","35.446","R2L","FFFFFF","25","17+1","1524659889","f9341cd6"
"826","38.802","R2L","FFFFFF","25","æ™ºå­ï¼Ÿï¼","1512385612","87f22e57"
"827","35.199","R2L","FFFFFF","25","æˆ‘12å²çš„æ—¶å€™å°±çœ‹äº†çŽ°åœ¨16å²","1547467180","9f4bc55f"
"828","35.652","R2L","FFFFFF","25","å¥½åƒä¸€å¼€å§‹åœ¨ç”µå½±é™¢è¿˜å“æ­»è¿‡äººã€‚","1518097909","648e0e8b"
"829","31.283","R2L","FFFFFF","25","14","1518411992","7460ffc9"
"830","31.021","R2L","FFFFFF","25","å¥³ä¸»ç¾Žçš„ä¸åƒè¯","1570966927","e5102697"
"831","31.58","R2L","FFFFFF","25","14å¼ºè¡Œè§‚çœ‹","1541899383","4ae06931"
"832","27.969","R2L","FFFFFF","25","14hhhhh","1512808835","822885a"
"833","29.068","R2L","FFFFFF","25","æˆ‘åæ‰‹æ‹¿èµ·æ‹–éž‹ç‹‚æ‹ä½ ï¼Œåœ°ä¸Šæœ‰å•¥å¥½çˆ¬çš„","1522896757","1a36399a"
"834","32.459","R2L","FFFFFF","25","10","1512914962","35b5b950"
"835","27.911","R2L","FFFFFF","25","15","1531198424","bd21180a"
"836","28.801","R2L","FFFFFF","25","17","1524194291","18c9199c"
"837","29.391","R2L","FFFFFF","25","ã€‚ã€‚ã€‚å¼ºè¡Œè§‚çœ‹","1570288991","668d131e"
"838","30.318","R2L","FFFFFF","25","æˆ‘12","1517716261","142c15fb"
"839","31.874","R2L","FFFFFF","25","14åœ¨æ­¤","1534226586","152aa5ad"
"840","31.688","R2L","FFFFFF","25","390äººæ­£åœ¨è§‚çœ‹ï¼Œ228æ¡","1512382865","9726812d"
"841","31.988","R2L","FFFFFF","25","å°å§å§","1529063592","272209b3"
"842","28.519","R2L","FFFFFF","25","å°„å¥¹","1516500867","adcd6fe5"
"843","28.503","R2L","FFFFFF","25","12å²å¼ºé¡¹è§‚çœ‹","1519540366","fe918e11"
"844","29.449","R2L","FFFFFF","25","æˆ‘çœ‹è¿‡å’’æ€¨çš„å°è¯´","1512410254","7249ada1"
"845","30.955","R2L","FFFFFF","25","15","1561285428","a180536c"
"846","28.38","R2L","FFFFFF","25","15","1512879732","7f21cf22"
"847","29.137","R2L","FFFFFF","25","15","1516238612","e6dea233"
"848","31.634","R2L","FFFFFF","25","14","1524986289","c17dbf38"
"849","28.202","R2L","FFFFFF","25","17","1512387577","fc11c758"
"850","29.799","R2L","FFFFFF","25","å¼Ÿå¼Ÿä»¬å¿«èµ°å§","1539317956","ab5c0b79"
"851","30.999","R2L","FFFFFF","25","14å²å¼ºè¡Œè§‚çœ‹","1512644621","38b2a522"
"852","27.879","R2L","FFFFFF","25","è€å­12","1515483221","beac244a"
"853","28.899","R2L","FFFFFF","25","æˆ‘13","1512778782","25ee2c30"
"854","29.475","R2L","FFFFFF","25","ä¹Ÿæ˜¯AVçˆ±å¥½è€…çš„æœ€çˆ±","1556102272","a3470dd8"
"855","33.052","R2L","FFFFFF","25","14å²çš„æˆ‘â€¦â€¦","1513331447","13297202"
"856","31.323","R2L","FFFFFF","25","å¦‚æžœåœ¨å¥¹çˆ¬å‡ºæ¥ä¹‹å‰å§ç”µè§†å…³äº†ä¼šä»€ä¹ˆæ ·","1532066987","4347130a"
"857","31.287","R2L","FFFFFF","25","èº«æå¥½","1533538549","11dd30f"
"858","31.603","R2L","FFFFFF","25","é‡‘é¾™é±¼æš‚æ—¶ç ´äº§  2333","1513087651","f1715fad"
"859","32.36","TOP","E70012","25","åˆ·å°¼çŽ›å¸å¹´é¾„","1518179802","4ad0be42"
"860","29.36","R2L","FFFFFF","25","17.5å²","1549979599","2e336c4c"
"861","28.062","R2L","FFFFFF","25","jinglongy","1513087653","f1715fad"
"862","28.198","R2L","FFFFFF","25","16","1538825708","84204aa0"
"863","31.141","R2L","FFFFFF","25","15","1543526555","fa9a5053"
"864","29.141","R2L","FFFFFF","25","13è¿›è¿‡","1512978240","d9619ca4"
"865","24.215","R2L","FFFFFF","25","17","1534858289","3403664a"
"866","24.599","R2L","FFFFFF","25","12","1512383050","bc52973f"
"867","24.437","R2L","FFFFFF","25","æˆ‘15å²","1516858422","fe6b8fcc"
"868","24.017","R2L","FFFFFF","25","18è¿‡","1523185518","381276ca"
"869","25.08","R2L","FFFFFF","25","è¿˜å¥½è¿˜å¥½ï¼Œæˆ‘ä»Šå¹´7æ—¬å¤§å¯¿ï¼","1547994621","738abaf"
"870","24.505","R2L","FFFFFF","25","16ï¼Ÿï¼Ÿï¼Ÿï¼Ÿï¼Ÿ","1517899960","4524d72"
"871","22.76","R2L","FFFFFF","25","12è¡¨ç¤ºæœ‰ç‚¹æ–¹","1564313658","981f3b50"
"872","22.478","R2L","FFFFFF","25","ã€‚ã€‚æˆ‘ï¼Œ16","1516418987","e7ed06f7"
"873","24.413","R2L","FFFFFF","25","14çš„åœ¨æ­¤","1534730444","129c780c"
"874","24.835","R2L","FFFFFF","25","åˆšå¥½19å²","1523106418","b5f62e38"
"875","22.258","R2L","FFFFFF","25","15çš„åˆ«èµ°","1515828232","b9a319f2"
"876","27.412","R2L","FFFFFF","25","15å¼ºè¡Œè§‚çœ‹","1515732102","7324d637"
"877","24.66","R2L","FFFFFF","25","14","1514877257","b4a741c4"
"878","22.291","R2L","E70012","25","æˆ‘15","1512794486","3e589ba1"
"879","26.197","R2L","FFFFFF","25","å•Š","1518002349","651db729"
"880","24.281","TOP","E70012","25","è®°å¾—æˆ‘å°å­¦æ—¶çœ‹è¿‡ï¼Œé˜´å½±","1512388309","d21b0b41"
"881","26.461","R2L","FFFFFF","25","æœ¬å°å§11ç¡","1518160598","19e75d72"
"882","24.789","R2L","FFFFFF","25","15è·¯è¿‡","1514536060","5bdfdf56"
"883","24.2","R2L","FEF102","25","12å¼ºè¡Œè§‚çœ‹","1518580920","8173741b"
"884","27.132","R2L","FFFFFF","25","13","1562299814","834df3d9"
"885","22.441","R2L","FFFFFF","25","14è·¯è¿‡","1514451938","fe07cf32"
"886","23.24","R2L","FFFFFF","25","17","1532843158","e5d97a67"
"887","27.284","R2L","FFFFFF","25","13æˆ‘å°±çœ‹","1512706659","ec593446"
"888","23.732","R2L","FFFFFF","25","é‡‘é¾™é±¼ç ´äº§äº†","1512403540","8965f26"
"889","24.642","R2L","FFFFFF","25","1å²ç»è¿‡","1513990139","a1b4fdde"
"890","27.281","TOP","FFFFFF","25","å•Šâ€¦â€¦æˆ‘å¥½æƒ¨å•Šï¼æˆ‘è¦åœ¨ä½ J,Bä¸Šå†™ä¸ªæƒ¨å­—","1512384301","c9ed364f"
"891","22.241","R2L","FFFFFF","25","17","1513417867","2b48e579"
"892","26.526","R2L","FFFFFF","25","13è¡¨ç¤ºã€‚ã€‚","1513415690","50a9ec34"
"893","24.297","R2L","FFFFFF","25","14â€¦","1519791277","c59ba4c5"
"894","24.437","R2L","FFFFFF","25","17","1545712899","3a4a0888"
"895","23.918","R2L","FFFFFF","25","11å²ä¸€ç‚¹ä¹Ÿä¸æ…Œ","1561359516","f8fa7d15"
"896","23.745","R2L","FFFFFF","25","æˆ‘13","1512474048","a25eb0e2"
"897","23.034","R2L","FFFFFF","25","æˆ‘åäºŒæˆ‘å°±çœ‹","1512379095","7af7372"
"898","26.413","R2L","FFFFFF","25","æˆ‘18å²ä¹‹å‰çœ‹çš„è¿™ä¸ªâ€¦â€¦","1520837244","dcab0b5b"
"899","25.867","R2L","FFFFFF","25","å°æ—¶å€™è§‰å¾—å®³æ€•é•¿å¤§äº†è§‰å¾—å¦‚æžœæœ‰ä¸ªå°å§å§ä»Žç”µè§†é‡Œå‡ºæ¥æŒºå¥½çš„","1512873177","2ed4b238"
"900","24.812","R2L","FFFFFF","25","å½“æ—¶ä»¥ä¸ºæ˜¯éŸ©å›½çš„","1530118734","38b47df7"
"901","22.397","R2L","FFFFFF","25","å‡Œæ™¨ä¸¤ç‚¹åœ¨çœ‹","1512756130","bb60b425"
"902","27.141","R2L","FFFFFF","25","æˆ‘14","1512728207","7a41dbc0"
"903","25.726","R2L","00A0EA","25","12çš„æˆ‘å°±è¦çœ‹ï¼ï¼ï¼","1553993332","64ee93ad"
"904","19.374","R2L","FFFFFF","25","å“å¾—æˆ‘ä¸€æ˜ŸæœŸä¸æ•¢æŽ¥ç”µè¯å’Œçœ‹ç”µè§†","1523992725","112743aa"
"905","21.059","R2L","FFFFFF","25","16å¼ºè¡Œè§‚çœ‹","1512407595","b76073c1"
"906","19.592","R2L","FFFFFF","25","æˆ‘14","1516688674","ff07f77b"
"907","17.003","R2L","FFFFFF","25","15ç»è¿‡ï¼","1512710125","c827295d"
"908","19.2","R2L","FFFFFF","25","çœ‹è¿‡æœ€ææ€–çš„å°±æ˜¯å’’æ€¨","1512578916","75d20c30"
"909","20.456","R2L","FFFFFF","25","æˆ‘æœ€å–œæ¬¢è´žå­å§äº†","1512787543","f21f0be"
"910","22.013","R2L","FFFFFF","25","æˆ‘å°±çœ‹äº†","1531198418","bd21180a"
"911","18.621","R2L","FFFFFF","25","å¥½ï¼Œå‘Šè¾ž","1514476985","741fad0a"
"912","21.252","R2L","FFFFFF","25","åˆšå¥½18","1512379174","7cc4cf92"
"913","19.38","R2L","FFFFFF","25","æˆ‘15ä¹Ÿè¦çœ‹","1518679752","4405263f"
"914","19.96","R2L","FFFFFF","25","ä¸€ä¸Šæ¥å°±é«˜èƒ½ï¼Ÿ","1529227843","6d76fddf"
"915","16.78","R2L","E70012","25","åˆå¤œå‡¶é“ƒæ˜¯ç§‘å¹»ç‰‡ï¼Œä¸ä¿¡åŽ»çœ‹å°è¯´","1512381171","94fc9a5"
"916","20.877","R2L","FFFFFF","25","åŽŸè‘—å…¶å®žæ˜¯ç§‘å¹»å°è¯´","1558682055","f92d5e3c"
"917","21.698","R2L","FFFFFF","25","æˆ‘åäº”å°±è¦çœ‹","1525067806","5df4eb1a"
"918","19.859","R2L","FFFFFF","25","å¥½ç¾Žå•Š","1565165458","6569435"
"919","17.059","R2L","FFFFFF","25","åˆå¤œå‡¶é“ƒæˆ‘åœ¨åäº”å²çš„æ—¶å€™å°±çœ‹è¿‡äº†","1522391178","a84726ca"
"920","17.842","R2L","FFFFFF","25","17è¡¨ç¤ºã€‚ã€‚ã€‚","1516950712","1e9d1d62"
"921","16.739","R2L","FFFFFF","25","10å²æ—¶å’Œå°ä¼™ä¼´ä»¬ä¸€èµ·çœ‹æ²¡çœ‹æ‡‚ï¼Œåˆ°äº†13å²åˆçœ‹äº†ä¸€éã€‚æŒºå“äººçš„","1512391421","cfa83d74"
"922","21.461","R2L","FFFFFF","25","17å²çš„æˆ‘ç‘Ÿç‘Ÿå‘æŠ–","1512394604","c4b7623d"
"923","18.385","R2L","FFFFFF","25","æˆ‘ä»Šå¹´åˆšå¥½18","1517063579","d1b15cae"
"924","17.16","R2L","FFFFFF","25","å¯çˆ±ï¼Œæƒ³ã€‚ã€‚ã€‚","1512385927","35251efb"
"925","17.915","R2L","FFFFFF","25","è¿˜å·®å‡ ä¸ªæœˆ18â€¦â€¦ðŸ˜‚","1526704334","4bc5a66e"
"926","17.301","R2L","FFFFFF","25","æˆ‘15","1512395944","8120d504"
"927","19.701","R2L","E70012","25","ä¸ºçœŸç”°å¹¿ä¹‹å”æ‰“CALL!","1512455411","53cb643b"
"928","20.421","R2L","FFFFFF","25","æˆ‘æ—©å°±çœ‹è¿‡äº†","1512379581","1a98af48"
"929","21.674","R2L","FFFFFF","25","å°æ¯”å´½å­å¥½å¤šå•Š","1518002341","651db729"
"930","17.459","R2L","FFFFFF","25","æ— æ„å†’çŠ¯","1567247144","4d3dcb22"
"931","17.196","R2L","FFFFFF","25","ä¸å¼€çŽ©ç¬‘ï¼Œå½“å¹´æˆ‘çœ‹çš„æƒ³ç¡è§‰","1521014081","2f18bf5b"
"932","21.627","R2L","FFFFFF","25","å¦ˆè€¶ï¼Œè¿™èº«æè‘«èŠ¦ä¸€æ ·ï¼Œä½ ä»¬ç«Ÿç„¶è¯´æ€•å•Šï¼Œå¤šå•èº«å‡ å¹´ä½ ä»¬å°±ä¸è¿™æ ·è¯´äº†","1512438308","8ea5a39a"
"933","19.015","R2L","E70012","25","æˆ‘å°±çœ‹æˆ‘ä»Šå¹´12????","1512399181","7582d43c"
"934","20.241","R2L","FFFFFF","25","çœ‹å®Œå°±å›žä¸äº†å®¶","1562245614","d023236a"
"935","19.6","TOP","E70012","25","15å²çš„æˆ‘å¾ˆæ…Œ","1513478165","1ffdb22c"
"936","19.987","R2L","FFFFFF","25","æˆ‘13(â—â€¢ÍˆâŒ”â€¢Íˆâ—)","1517997424","d9f5160"
"937","15.13","R2L","FFFFFF","25","å‰ä¸¤å¤©åˆšæ»¡åå…«å‘¨å²","1512384570","9e98afc"
"938","13.685","R2L","FFFFFF","25","ã€‚ã€‚ã€‚","1534398121","abc9d5ae"
"939","14.666","R2L","FFFFFF","25","åˆäºŒçœ‹çš„åˆå¤œå‡¶é“ƒï¼Œæ„Ÿè§‰è¿˜è¡Œ","1512435963","4fa7d9a0"
"940","12.2","R2L","FFFFFF","25","æ…Œ","1513440301","6f8ca5bc"
"941","16.159","TOP","FFFFFF","25","åœ¨ä¸‹1.8å²ï¼ˆæ»‘ç¨½ï¼‰","1513410330","389a0b6e"
"942","13.843","R2L","FFFFFF","25","å…¶å®žå°è¯´æ‰å¥½çœ‹","1516853840","5402b7af"
"943","14.82","TOP","E70012","25","æ‹”åˆ€å§   è´žå­æˆ‘è€å©†","1517116486","3adce685"
"944","14.177","TOP","00FF66","25","30å²ä»¥ä¸Šæˆå¹´å„¿ç«¥è·¯è¿‡","1512652703","9b46f243"
"945","15.144","R2L","FFFFFF","25","è¿™æ˜¯å¤§é¾„å„¿ç«¥è¿˜æ˜¯è€å¹´å„¿ç«¥","1527986808","42932241"
"946","16.604","R2L","00A0EA","25","å•Šçªç„¶è†ç›–å¥½ç–¼","1512385236","b221e76f"
"947","15.74","R2L","FFFFFF","25","æ‚¬ç–‘çœŸçš„å—ï¼Ÿ","1512461826","2e8dda3d"
"948","13.829","R2L","FFFFFF","25","æˆ‘å°±æ²¡æˆå¹´çœ‹äº†ä¼šæ€Žä¹ˆæ ·ï¼Ÿï¼Ÿï¼Ÿ","1512385377","40c02c78"
"949","13.971","R2L","FFFFFF","25","å¡ä¸€ä¸‹å¡ä¸€ä¸‹çš„æœ€ææ€–","1512557368","24520396"
"950","15.766","R2L","FFFFFF","25","13å¾—æˆ‘å°±çœ‹","1512559013","17fcdff0"
"951","15.62","R2L","FFFFFF","25","æˆ‘15å²(à²¡Ï‰à²¡)hiahiahia","1529733851","aee8c26c"
"952","12.117","TOP","FFFFFF","25","æˆ‘ä¸å¥½ï¼Œè°¢è°¢","1512385408","e5231478"
"953","15.219","R2L","FFFFFF","25","çœŸçš„ï¼Œçœ‹å®Œäº†4éƒ¨åŽç‰¹åˆ«å¿ƒç–¼è´žå­å§å§ï¼Œè§‰å¾—å¥¹å¥½å¯æ€œ","1514023677","37ccd58b"
"954","16.259","R2L","FFFFFF","25","æˆ‘15","1518326203","f1aa0eb1"
"955","16.343","R2L","FFFFFF","25","å²åˆšåˆš","1514212965","63525128"
"956","14.493","R2L","FFFFFF","25","è´žå­å§å§","1562299801","834df3d9"
"957","14.732","R2L","FFFFFF","25","æˆ‘17","1512391934","75e8b6da"
"958","14.438","R2L","FFFFFF","25","whyï¼Ÿ","1533020270","f398d5fc"
"959","15.892","R2L","FFFFFF","25","æˆ‘å°±çœ‹ï¼Œä½ ç®¡æˆ‘","1512381711","2493be49"
"960","16.209","R2L","FFFFFF","25","é¢ï¼Œæˆ‘12å²","1514689500","b322a327"
"961","12.265","R2L","FFFFFF","25","è¿™BGMå¥½ææ€–","1512382349","294f2a13"
"962","15.46","R2L","FFFFFF","25","æˆ‘ä¸€ä¸ªäºº8å²çš„æ—¶å€™çœ‹å®Œäº†","1518667389","bbd5fca5"
"963","15.615","R2L","FFFFFF","25","æˆ‘åä¹æˆ‘è¿˜çœ‹å—â€¦â€¦","1520088860","41274756"
"964","13.397","R2L","FFFFFF","25","15çš„æˆ‘æ— æ‰€ç•æƒ§","1534074064","6803b06"
"965","14.952","R2L","FFFFFF","25","æ…•åè€Œæ¥","1516688666","ff07f77b"
"966","14.255","R2L","FFFFFF","25","ä»¥æˆå¹´","1512380407","80d24f1a"
"967","16.535","R2L","FFFFFF","25","è€å­13","1512538233","66601b88"
"968","14.199","R2L","FFFFFF","25","æˆ‘å°±æ˜¯è¦çœ‹","1540887357","ef2acee7"
"969","10.608","R2L","FFFFFF","25","å¼¹å¹•æŠ¤ä½“","1512915418","639e6180"
"970","9.739","R2L","FFFFFF","25","æ— æ„å†’çŠ¯","1558852525","e373746c"
"971","5.963","TOP","FF0000","25","çœŸÂ·ç«¥å¹´é˜´å½±","1512460383","12e2970"
"972","7","R2L","FFFFFF","25","æœ¬èŠ‚ç›®ç”±é‡‘é¾™é±¼èµžåŠ©æ’­å‡º","1513333249","e189bf3d"
"973","7.101","R2L","FFFFFF","25","é‡‘å‘ç¾Žå¥³åœ¨å“ªå„¿","1512443090","f400ec64"
"974","8.054","R2L","FFFFFF","25","å¼¹å¹•æŠ¤ä½“","1545530600","cdb16dfc"
"975","5.653","R2L","FFFFFF","25","åˆå¤œå‡¶é“ƒæœ‰4éƒ¨æˆ‘éƒ½çœ‹äº†ï¼Œè¿˜ä¹°äº†å°è¯´ã€‚ã€‚","1543629846","f92d5e3c"
"976","10.841","R2L","FFFFFF","25","ææ€–å— æœ€ææ€–çš„é‚£æ®µè¢«å‰ªäº†å¥½å—","1512397364","62bd6c70"
"977","9.699","R2L","FFFFFF","25","ã€‚ã€‚","1512394767","64f3711f"
"978","6.54","R2L","FFFFFF","25","æ€•","1514616612","6c76b00"
"979","9.941","TOP","E70012","25","é‡‘é¾™ä¸åœ¨çš„ç¬¬nå¤©ï¼Œæƒ³å®ƒ","1512387977","d21b0b41"
"980","8.856","R2L","FFFFFF","25","é«˜äº§ä¼¼ä»€ä¹ˆï¼Ÿ","1512382629","ea657fd4"
"981","5.784","R2L","FEF102","25","å‰é¢æ²¡ç¡çš„æˆ‘ä¸€æ ·","1567416051","5e72651f"
"982","5.871","R2L","FFFFFF","25","è§‰å¾—è´žå­å¾ˆç¾Žæ€Žä¹ˆåŠž","1520316366","e64e2fdf"
"983","9.539","R2L","84C0CB","25","è¡¨ç™½è´žå­å§å§çš„ï¼ŒçœŸå¸Œæœ›å¥¹ä»Šæ™šåŽ»ä½ å®¶â‰¡Ï‰â‰¡ç¥ä½ ç¾Žæ¢¦æˆçœŸã€‚ã€‚ã€‚ã€‚","1512906538","647512c4"
"984","4.654","R2L","FFFFFF","25","çœ‹è¿‡å°è¯´ç‰ˆçš„","1512479333","eee27f85"
"985","0.225","R2L","FFFFFF","25","å’±å‰å‡ å¤©åˆšå¥½18å²","1512466289","29cdf6e7"
"986","1.947","R2L","00FF00","25","è‡ªä»ŽçŸ¥é“æœ‰ä»²é—´ç”±çºªæƒ è¿™ä¸ªå¥³ç¥žç»æˆ‘å°±ä¸æ€•äº†2333","1513010659","68edb010"
"987","4.98","R2L","FFFFFF","25","ç¡®å®š","1512445635","82de94d1"
"988","3.721","R2L","FFFFFF","25","è¯·æ±‚å¼¹å¹•æŠ¤ä½“","1512397210","4f63b1dc"
"989","5.502","TOP","F0AB2A","25","å¤§æ™šä¸Šçœ‹è¿™ä¸ªè´¼çˆ½","1512396326","36a49505"
"990","5.101","R2L","FFFFFF","25","è´žå­æˆ‘è€å©†ï¼ï¼ï¼","1514624672","3723cde5"
"991","5.02","R2L","FFFFFF","25","é¬¼æ¥ç”µæ¥çš„","1563506918","46929b60"
"992","4.279","R2L","FFFFFF","25","æˆ‘å…ˆèµ°äº†","1516347032","9ee04ac8"
"993","3.062","TOP","FF0033","25","æƒ³å¤ªå¤šâ†‘","1512387322","cb365008"
"994","0.399","R2L","FFFFFF","25","å¼¹å¹•å¤§å†›æŠ¤ä½“(à¸‡ â€¢Ì€_â€¢Ì)à¸‡","1516500825","adcd6fe5"
"995","1.52","R2L","FFFFFF","25","è¡¨ç™½è´žå­å§å§","1512386630","945660c8"
"996","1.682","R2L","FFFFFF","25","çœ‹å®Œé‚£å¤©ä¸€æ™šä¸Šæ²¡ç¡...","1517580064","293b391a"
"997","5.499","R2L","FFFFFF","25","æœ¬ç¯€ç›®ç”±é‡‘é¾é­šä»£ç†","1517896892","1b03ed2f"
"998","0.08","TOP","E70012","25","ã€‚ã€‚ã€‚ã€‚","1518765674","9035eefa"
"999","1.172","R2L","FFFFFF","25","çœ‹è¿‡åˆå¤œå‡¶é“ƒä¸æ•¢çœ‹ç¬¬äºŒéçš„åˆæ¥äº†â€¦","1519791248","c59ba4c5"
